population,scenario,date,estimate,lower,upper,averted,averted_lower,averted_upper,cume_averted,cume_averted_lower,cume_averted_upper,scenario_cat
infant,observed,2024-01-06,334.51820580474936,NA,NA,NA,NA,NA,NA,NA,NA,No vaccination
infant,observed,2024-01-13,287.68565699208443,NA,NA,NA,NA,NA,NA,NA,NA,No vaccination
infant,observed,2024-01-20,195.69315039577836,NA,NA,NA,NA,NA,NA,NA,NA,No vaccination
infant,observed,2024-01-27,232.4901530343008,NA,NA,NA,NA,NA,NA,NA,NA,No vaccination
infant,observed,2024-02-03,250.888654353562,NA,NA,NA,NA,NA,NA,NA,NA,No vaccination
infant,observed,2024-02-10,214.09165171503957,NA,NA,NA,NA,NA,NA,NA,NA,No vaccination
infant,observed,2024-02-17,204.05610554089708,NA,NA,NA,NA,NA,NA,NA,NA,No vaccination
infant,observed,2024-02-24,130.46210026385222,NA,NA,NA,NA,NA,NA,NA,NA,No vaccination
infant,observed,2024-03-02,102.02805277044854,NA,NA,NA,NA,NA,NA,NA,NA,No vaccination
infant,observed,2024-03-09,93.6650976253298,NA,NA,NA,NA,NA,NA,NA,NA,No vaccination
infant,observed,2024-03-16,65.23105013192611,NA,NA,NA,NA,NA,NA,NA,NA,No vaccination
infant,observed,2024-03-23,55.195503957783636,NA,NA,NA,NA,NA,NA,NA,NA,No vaccination
infant,observed,2024-03-30,93.6650976253298,NA,NA,NA,NA,NA,NA,NA,NA,No vaccination
infant,observed,2024-04-06,34.96989973614775,NA,NA,NA,NA,NA,NA,NA,NA,No vaccination
infant,observed,2024-04-13,44.507145118733504,NA,NA,NA,NA,NA,NA,NA,NA,No vaccination
infant,observed,2024-04-20,52.45484960422163,NA,NA,NA,NA,NA,NA,NA,NA,No vaccination
infant,observed,2024-04-27,34.96989973614775,NA,NA,NA,NA,NA,NA,NA,NA,No vaccination
infant,observed,2024-05-04,52.45484960422163,NA,NA,NA,NA,NA,NA,NA,NA,No vaccination
infant,observed,2024-05-11,27.022195250659625,NA,NA,NA,NA,NA,NA,NA,NA,No vaccination
infant,observed,2024-05-18,44.507145118733504,NA,NA,NA,NA,NA,NA,NA,NA,No vaccination
infant,observed,2024-05-25,52.45484960422163,NA,NA,NA,NA,NA,NA,NA,NA,No vaccination
infant,observed,2024-06-01,79.47704485488127,NA,NA,NA,NA,NA,NA,NA,NA,No vaccination
infant,observed,2024-06-08,61.99209498680739,NA,NA,NA,NA,NA,NA,NA,NA,No vaccination
infant,observed,2024-06-15,44.507145118733504,NA,NA,NA,NA,NA,NA,NA,NA,No vaccination
infant,observed,2024-06-22,96.96199472295513,NA,NA,NA,NA,NA,NA,NA,NA,No vaccination
infant,observed,2024-06-29,96.96199472295513,NA,NA,NA,NA,NA,NA,NA,NA,No vaccination
infant,observed,2024-07-06,93.2324643799472,NA,NA,NA,NA,NA,NA,NA,NA,No vaccination
infant,observed,2024-07-13,129.8595039577836,NA,NA,NA,NA,NA,NA,NA,NA,No vaccination
infant,observed,2024-07-20,176.47573614775726,NA,NA,NA,NA,NA,NA,NA,NA,No vaccination
infant,observed,2024-07-27,129.8595039577836,NA,NA,NA,NA,NA,NA,NA,NA,No vaccination
infant,observed,2024-08-03,129.8595039577836,NA,NA,NA,NA,NA,NA,NA,NA,No vaccination
infant,observed,2024-08-10,213.10277572559366,NA,NA,NA,NA,NA,NA,NA,NA,No vaccination
infant,observed,2024-08-17,194.78925593667546,NA,NA,NA,NA,NA,NA,NA,NA,No vaccination
infant,observed,2024-08-24,119.87031134564643,NA,NA,NA,NA,NA,NA,NA,NA,No vaccination
infant,observed,2024-08-31,148.17302374670183,NA,NA,NA,NA,NA,NA,NA,NA,No vaccination
infant,observed,2024-09-07,138.18383113456466,NA,NA,NA,NA,NA,NA,NA,NA,No vaccination
infant,observed,2024-09-14,83.24327176781003,NA,NA,NA,NA,NA,NA,NA,NA,No vaccination
infant,observed,2024-09-21,166.48654353562006,NA,NA,NA,NA,NA,NA,NA,NA,No vaccination
infant,observed,2024-09-28,111.54598416886544,NA,NA,NA,NA,NA,NA,NA,NA,No vaccination
infant,observed,2024-10-05,44.794923482849605,NA,NA,NA,NA,NA,NA,NA,NA,No vaccination
infant,observed,2024-10-12,71.34006332453825,NA,NA,NA,NA,NA,NA,NA,NA,No vaccination
infant,observed,2024-10-19,71.34006332453825,NA,NA,NA,NA,NA,NA,NA,NA,No vaccination
infant,observed,2024-10-26,44.794923482849605,NA,NA,NA,NA,NA,NA,NA,NA,No vaccination
infant,observed,2024-11-02,53.09027968337731,NA,NA,NA,NA,NA,NA,NA,NA,No vaccination
infant,observed,2024-11-09,26.545139841688655,NA,NA,NA,NA,NA,NA,NA,NA,No vaccination
infant,observed,2024-11-16,97.88520316622692,NA,NA,NA,NA,NA,NA,NA,NA,No vaccination
infant,observed,2024-11-23,89.58984696569921,NA,NA,NA,NA,NA,NA,NA,NA,No vaccination
infant,observed,2024-11-30,71.34006332453825,NA,NA,NA,NA,NA,NA,NA,NA,No vaccination
infant,observed,2024-12-07,63.04470712401056,NA,NA,NA,NA,NA,NA,NA,NA,No vaccination
infant,observed,2024-12-14,97.88520316622692,NA,NA,NA,NA,NA,NA,NA,NA,No vaccination
infant,observed,2024-12-21,89.58984696569921,NA,NA,NA,NA,NA,NA,NA,NA,No vaccination
infant,observed,2024-12-28,126.08941424802111,NA,NA,NA,NA,NA,NA,NA,NA,No vaccination
infant,observed,2025-01-04,127.11691820580475,NA,NA,NA,NA,NA,NA,NA,NA,No vaccination
infant,observed,2025-01-11,63.558459102902376,NA,NA,NA,NA,NA,NA,NA,NA,No vaccination
infant,observed,2025-01-18,90.31991556728234,NA,NA,NA,NA,NA,NA,NA,NA,No vaccination
infant,observed,2025-01-25,98.68287071240105,NA,NA,NA,NA,NA,NA,NA,NA,No vaccination
infant,observed,2025-02-01,108.71841688654354,NA,NA,NA,NA,NA,NA,NA,NA,No vaccination
infant,observed,2025-02-08,127.11691820580475,NA,NA,NA,NA,NA,NA,NA,NA,No vaccination
infant,observed,2025-02-15,108.71841688654354,NA,NA,NA,NA,NA,NA,NA,NA,No vaccination
infant,observed,2025-02-22,108.71841688654354,NA,NA,NA,NA,NA,NA,NA,NA,No vaccination
infant,observed,2025-03-01,45.15995778364117,NA,NA,NA,NA,NA,NA,NA,NA,No vaccination
infant,observed,2025-03-08,71.92141424802111,NA,NA,NA,NA,NA,NA,NA,NA,No vaccination
infant,observed,2025-03-15,90.31991556728234,NA,NA,NA,NA,NA,NA,NA,NA,No vaccination
infant,observed,2025-03-22,71.92141424802111,NA,NA,NA,NA,NA,NA,NA,NA,No vaccination
infant,observed,2025-03-29,81.95696042216359,NA,NA,NA,NA,NA,NA,NA,NA,No vaccination
infant,observed,2025-04-05,85.83520844327178,NA,NA,NA,NA,NA,NA,NA,NA,No vaccination
infant,observed,2025-04-12,34.96989973614775,NA,NA,NA,NA,NA,NA,NA,NA,No vaccination
infant,observed,2025-04-19,7.947704485488125,NA,NA,NA,NA,NA,NA,NA,NA,No vaccination
infant,observed,2025-04-26,60.40255408970977,NA,NA,NA,NA,NA,NA,NA,NA,No vaccination
infant,vaccine100,2024-01-06,217.4368337730871,163.91392084432718,284.34047493403693,117.08137203166227,50.1777308707124,170.60428496042218,117.08137203166227,50.1777308707124,170.60428496042218,100% vaccination
infant,vaccine100,2024-01-13,186.9956770448549,140.96597192612137,244.53280844327176,100.68997994722955,43.15284854881266,146.71968506596306,217.7713519788918,93.33057941952507,317.32397002638527,100% vaccination
infant,vaccine100,2024-01-20,127.20054775725593,95.88964369393139,166.3391778364116,68.49260263852243,29.353972559366753,99.80350670184697,286.26395461741424,122.68455197889182,417.12747672823224,100% vaccination
infant,vaccine100,2024-01-27,151.11859947229553,113.92017498680738,197.61663007915567,81.37155356200527,34.87352295514512,118.56997804749341,367.6355081794195,157.55807493403694,535.6974547757256,100% vaccination
infant,vaccine100,2024-02-03,163.0776253298153,122.93544063324538,213.2553562005277,87.8110290237467,37.633298153034296,127.95321372031663,455.4465372031662,195.19137308707124,663.6506684960423,100% vaccination
infant,vaccine100,2024-02-10,139.15957361477572,104.90490934036939,181.97790395778364,74.93207810026385,32.113747757255936,109.18674237467019,530.37861530343,227.30512084432718,772.8374108707125,100% vaccination
infant,vaccine100,2024-02-17,132.63646860158312,99.98749171503957,173.4476897097625,71.41963693931397,30.60841583113456,104.06861382585751,601.798252242744,257.9135366754617,876.90602469657,100% vaccination
infant,vaccine100,2024-02-24,84.80036517150394,63.926429129287584,110.89278522427439,45.66173509234827,19.569315039577834,66.53567113456464,647.4599873350923,277.48285171503954,943.4416958311346,100% vaccination
infant,vaccine100,2024-03-02,66.31823430079156,49.993745857519784,86.72384485488125,35.70981846965699,15.30420791556728,52.034306912928756,683.1698058047492,292.78705963060685,995.4760027440633,100% vaccination
infant,vaccine100,2024-03-09,60.882313456464374,45.895897836411606,79.61533298153033,32.78278416886543,14.04976464379947,47.7691997889182,715.9525899736146,306.8368242744063,1043.2452025329815,100% vaccination
infant,vaccine100,2024-03-16,42.40018258575197,31.963214564643792,55.446392612137195,22.830867546174137,9.784657519788917,33.26783556728232,738.7834575197887,316.62148179419523,1076.5130381002639,100% vaccination
infant,vaccine100,2024-03-23,35.877077572559365,27.04579693931398,46.91617836411609,19.31842638522427,8.279325593667545,28.149707018469655,758.101883905013,324.90080738786276,1104.6627451187335,100% vaccination
infant,vaccine100,2024-03-30,60.882313456464374,45.895897836411606,79.61533298153033,32.78278416886543,14.04976464379947,47.7691997889182,790.8846680738784,338.9505720316622,1152.4319449076518,100% vaccination
infant,vaccine100,2024-04-06,22.73043482849604,17.135250870712397,29.724414775725588,12.239464907651712,5.2454849604221625,17.834648865435355,803.1241329815301,344.1960569920844,1170.2665937730872,100% vaccination
infant,vaccine100,2024-04-13,28.929644327176778,21.808501108179417,37.831073350923475,15.577500791556725,6.676071767810026,22.698644010554087,818.7016337730869,350.8721287598944,1192.9652377836412,100% vaccination
infant,vaccine100,2024-04-20,34.09565224274406,25.702876306068596,44.58662216358838,18.35919736147757,7.868227440633244,26.751973298153032,837.0608311345644,358.74035620052763,1219.7172110817942,100% vaccination
infant,vaccine100,2024-04-27,22.73043482849604,17.135250870712397,29.724414775725588,12.239464907651712,5.2454849604221625,17.834648865435355,849.3002960422161,363.9858411609498,1237.5518599472296,100% vaccination
infant,vaccine100,2024-05-04,34.09565224274406,25.702876306068596,44.58662216358838,18.35919736147757,7.868227440633244,26.751973298153032,867.6594934036937,371.85406860158304,1264.3038332453825,100% vaccination
infant,vaccine100,2024-05-11,17.564426912928756,13.240875672823217,22.96886596306068,9.457768337730869,4.0533292875989435,13.781319577836408,877.1172617414245,375.907397889182,1278.085152823219,100% vaccination
infant,vaccine100,2024-05-18,28.929644327176778,21.808501108179417,37.831073350923475,15.577500791556725,6.676071767810026,22.698644010554087,892.6947625329813,382.583469656992,1300.783796833773,100% vaccination
infant,vaccine100,2024-05-25,34.09565224274406,25.702876306068596,44.58662216358838,18.35919736147757,7.868227440633244,26.751973298153032,911.0539598944588,390.45169709762524,1327.535770131926,100% vaccination
infant,vaccine100,2024-06-01,51.660079155672825,38.943751978891825,67.55548812664908,27.816965699208442,11.92155672823219,40.533292875989446,938.8709255936673,402.37325382585743,1368.0690630079155,100% vaccination
infant,vaccine100,2024-06-08,40.2948617414248,30.37612654353562,52.69328073878628,21.697233245382584,9.298814248021108,31.61596844327177,960.5681588390498,411.67206807387856,1399.6850314511873,100% vaccination
infant,vaccine100,2024-06-15,28.929644327176778,21.808501108179417,37.831073350923475,15.577500791556725,6.676071767810026,22.698644010554087,976.1456596306066,418.3481398416886,1422.3836754617414,100% vaccination
infant,vaccine100,2024-06-22,63.02529656992083,47.51137741424801,82.41769551451185,33.93669815303429,14.544299208443269,49.450617308707116,1010.0823577836409,432.8924390501318,1471.8342927704484,100% vaccination
infant,vaccine100,2024-06-29,63.02529656992083,47.51137741424801,82.41769551451185,33.93669815303429,14.544299208443269,49.450617308707116,1044.0190559366752,447.4367382585751,1521.2849100791555,100% vaccination
infant,vaccine100,2024-07-06,60.60110184696568,45.683907546174126,79.24759472295511,32.63136253298152,13.98486965699208,47.54855683377308,1076.6504184696566,461.42160791556717,1568.8334669129285,100% vaccination
infant,vaccine100,2024-07-13,84.40867757255934,63.63115693931396,110.38057836411606,45.45082638522426,19.47892559366754,66.22834701846963,1122.1012448548809,480.9005335092347,1635.061813931398,100% vaccination
infant,vaccine100,2024-07-20,114.70922849604223,86.47311071240105,150.00437572559366,61.76650765171504,26.47136042216359,90.00262543535621,1183.867752506596,507.3718939313983,1725.0644393667544,100% vaccination
infant,vaccine100,2024-07-27,84.40867757255934,63.63115693931396,110.38057836411606,45.45082638522426,19.47892559366754,66.22834701846963,1229.3185788918202,526.8508195250658,1791.292786385224,100% vaccination
infant,vaccine100,2024-08-03,84.40867757255934,63.63115693931396,110.38057836411606,45.45082638522426,19.47892559366754,66.22834701846963,1274.7694052770444,546.3297451187334,1857.5211334036935,100% vaccination
infant,vaccine100,2024-08-10,138.51680422163588,104.4203601055409,181.1373593667546,74.58597150395778,31.965416358839047,108.68241562005277,1349.3553767810022,578.2951614775725,1966.2035490237463,100% vaccination
infant,vaccine100,2024-08-17,126.61301635883905,95.44673540897098,165.57086754617413,68.17623957783641,29.218388390501318,99.34252052770448,1417.5316163588386,607.5135498680738,2065.5460695514507,100% vaccination
infant,vaccine100,2024-08-24,77.91570237467018,58.73645255936675,101.88976464379947,41.954608970976246,17.980546701846965,61.13385878627968,1459.486225329815,625.4940965699208,2126.6799283377304,100% vaccination
infant,vaccine100,2024-08-31,96.31246543535619,72.6047816358839,125.94707018469656,51.860558311345635,22.225953562005273,75.56824211081793,1511.3467836411605,647.7200501319261,2202.2481704485485,100% vaccination
infant,vaccine100,2024-09-07,89.81949023746704,67.71007725593668,117.45625646437995,48.36434089709763,20.727574670184698,70.47375387862797,1559.7111245382582,668.4476248021108,2272.7219243271766,100% vaccination
infant,vaccine100,2024-09-14,54.10812664907652,40.78920316622691,70.75678100263852,29.135145118733508,12.486490765171505,42.45406860158312,1588.8462696569918,680.9341155672823,2315.1759929287596,100% vaccination
infant,vaccine100,2024-09-21,108.21625329815303,81.57840633245382,141.51356200527704,58.270290237467016,24.97298153034301,84.90813720316623,1647.1165598944588,705.9070970976253,2400.084130131926,100% vaccination
infant,vaccine100,2024-09-28,72.50488970976254,54.65753224274407,94.81408654353562,39.0410944591029,16.731897625329815,56.88845192612138,1686.1576543535616,722.6389947229551,2456.9725820580475,100% vaccination
infant,vaccine100,2024-10-05,29.116700263852245,21.949512506596307,38.075684960422166,15.67822321899736,6.719238522427441,22.845410976253298,1701.835877572559,729.3582332453825,2479.817993034301,100% vaccination
infant,vaccine100,2024-10-12,46.371041160949865,34.95663102902374,60.63905382585751,24.969022163588384,10.701009498680737,36.38343229551451,1726.8048997361473,740.0592427440632,2516.2014253298153,100% vaccination
infant,vaccine100,2024-10-19,46.371041160949865,34.95663102902374,60.63905382585751,24.969022163588384,10.701009498680737,36.38343229551451,1751.7739218997356,750.760252242744,2552.5848576253297,100% vaccination
infant,vaccine100,2024-10-26,29.116700263852245,21.949512506596307,38.075684960422166,15.67822321899736,6.719238522427441,22.845410976253298,1767.452145118733,757.4794907651714,2575.430268601583,100% vaccination
infant,vaccine100,2024-11-02,34.508681794195255,26.01423704485488,45.126737730870715,18.581597889182056,7.9635419525065965,27.07604263852243,1786.033743007915,765.443032717678,2602.5063112401053,100% vaccination
infant,vaccine100,2024-11-09,17.254340897097627,13.00711852242744,22.563368865435358,9.290798944591028,3.9817709762532982,13.538021319261215,1795.324541952506,769.4248036939313,2616.0443325593665,100% vaccination
infant,vaccine100,2024-11-16,63.6253820580475,47.96374955145119,83.20242269129288,34.259821108179416,14.682780474934036,49.92145361477573,1829.5843630606855,784.1075841688653,2665.965786174142,100% vaccination
infant,vaccine100,2024-11-23,58.23340052770449,43.89902501319261,76.15136992084433,31.35644643799472,13.438477044854881,45.690821952506596,1860.9408094986802,797.5460612137201,2711.6566081266487,100% vaccination
infant,vaccine100,2024-11-30,46.371041160949865,34.95663102902374,60.63905382585751,24.969022163588384,10.701009498680737,36.38343229551451,1885.9098316622685,808.2470707124008,2748.040040422163,100% vaccination
infant,vaccine100,2024-12-07,40.97905963060686,30.891906490765173,53.588001055408974,22.065647493403695,9.456706068601584,32.152800633245384,1907.9754791556722,817.7037767810024,2780.1928410554087,100% vaccination
infant,vaccine100,2024-12-14,63.6253820580475,47.96374955145119,83.20242269129288,34.259821108179416,14.682780474934036,49.92145361477573,1942.2353002638517,832.3865572559364,2830.1142946701843,100% vaccination
infant,vaccine100,2024-12-21,58.23340052770449,43.89902501319261,76.15136992084433,31.35644643799472,13.438477044854881,45.690821952506596,1973.5917467018464,845.8250343007912,2875.805116622691,100% vaccination
infant,vaccine100,2024-12-28,81.95811926121372,61.783812981530346,107.17600211081795,44.13129498680739,18.913412137203167,64.30560126649077,2017.723041688654,864.7384464379944,2940.1107178891816,100% vaccination
infant,vaccine100,2025-01-04,82.62599683377309,62.28728992084433,108.04938047493404,44.49092137203166,19.06753773087071,64.82962828496042,2062.2139630606857,883.8059841688652,3004.940346174142,100% vaccination
infant,vaccine100,2025-01-11,41.31299841688654,31.143644960422165,54.02469023746702,22.24546068601583,9.533768865435356,32.41481414248021,2084.4594237467018,893.3397530343005,3037.3551603166225,100% vaccination
infant,vaccine100,2025-01-18,58.70794511873352,44.256758627968345,76.77192823218998,31.611970448548817,13.54798733509235,46.06315693931399,2116.0713941952504,906.8877403693929,3083.4183172559365,100% vaccination
infant,vaccine100,2025-01-25,64.14386596306069,48.354606649076516,83.8804401055409,34.539004749340364,14.802430606860158,50.32826406332454,2150.6103989445905,921.6901709762531,3133.746581319261,100% vaccination
infant,vaccine100,2025-02-01,70.6669709762533,53.272024274406334,92.41065435356201,38.051445910290234,16.30776253298153,55.4463926121372,2188.6618448548807,937.9979335092346,3189.1929739313982,100% vaccination
infant,vaccine100,2025-02-08,82.62599683377309,62.28728992084433,108.04938047493404,44.49092137203166,19.06753773087071,64.82962828496042,2233.1527662269123,957.0654712401054,3254.022602216359,100% vaccination
infant,vaccine100,2025-02-15,70.6669709762533,53.272024274406334,92.41065435356201,38.051445910290234,16.30776253298153,55.4463926121372,2271.2042121372024,973.3732337730869,3309.468994828496,100% vaccination
infant,vaccine100,2025-02-22,70.6669709762533,53.272024274406334,92.41065435356201,38.051445910290234,16.30776253298153,55.4463926121372,2309.2556580474925,989.6809963060684,3364.915387440633,100% vaccination
infant,vaccine100,2025-03-01,29.35397255936676,22.128379313984173,38.38596411609499,15.805985224274409,6.773993667546175,23.031578469656996,2325.061643271767,996.4549899736146,3387.9469659102897,100% vaccination
infant,vaccine100,2025-03-08,46.74891926121372,35.24149298153034,61.13320211081794,25.172494986807386,10.788212137203166,36.679921266490766,2350.2341382585746,1007.2432021108177,3424.6268871767807,100% vaccination
infant,vaccine100,2025-03-15,58.70794511873352,44.256758627968345,76.77192823218998,31.611970448548817,13.54798733509235,46.06315693931399,2381.846108707123,1020.79118944591,3470.6900441160947,100% vaccination
infant,vaccine100,2025-03-22,46.74891926121372,35.24149298153034,61.13320211081794,25.172494986807386,10.788212137203166,36.679921266490766,2407.018603693931,1031.5794015831132,3507.3699653825856,100% vaccination
infant,vaccine100,2025-03-29,53.272024274406334,40.15891060686016,69.66341635883904,28.684936147757256,12.293544063324537,41.79804981530343,2435.703539841688,1043.8729456464378,3549.168015197889,100% vaccination
infant,vaccine100,2025-04-05,55.79288548812666,42.059252137203174,72.95992717678101,30.04232295514512,12.875281266490767,43.77595630606861,2465.745862796833,1056.7482269129284,3592.9439715039575,100% vaccination
infant,vaccine100,2025-04-12,22.73043482849604,17.135250870712397,29.724414775725588,12.239464907651712,5.2454849604221625,17.834648865435355,2477.985327704485,1061.9937118733505,3610.7786203693927,100% vaccination
infant,vaccine100,2025-04-19,5.166007915567281,3.894375197889181,6.755548812664906,2.7816965699208436,1.1921556728232188,4.0533292875989435,2480.7670242744057,1063.1858675461738,3614.8319496569916,100% vaccination
infant,vaccine100,2025-04-26,39.26166015831135,29.597251503957786,51.3421709762533,21.140893931398416,9.060383113456465,30.80530258575198,2501.907918205804,1072.2462506596303,3645.6372522427437,100% vaccination
infant,vaccine15,2024-01-06,316.956,308.92756306068605,326.9915461741425,17.56220580474934,7.52665963060686,25.590642744063327,17.56220580474934,7.52665963060686,25.590642744063327,15% vaccination
infant,vaccine15,2024-01-13,272.58216,265.67770423218997,281.2127297097625,15.10349699208443,6.4729272823218995,22.007952759894458,32.66570279683377,13.99958691292876,47.59859550395778,15% vaccination
infant,vaccine15,2024-01-20,185.41926,180.72262439050132,191.29005451187336,10.273890395778363,4.403095883905013,14.970526005277044,42.939593192612136,18.402682796833773,62.569121509234826,15% vaccination
infant,vaccine15,2024-01-27,220.28442,214.70465632717676,227.25912459102904,12.205733034300792,5.231028443271768,17.78549670712401,55.14532622691293,23.63371124010554,80.35461821635883,15% vaccination
infant,vaccine15,2024-02-03,237.717,231.6956722955145,245.24365963060686,13.171654353562003,5.644994722955144,19.19298205804749,68.31698058047493,29.278705963060684,99.54760027440632,15% vaccination
infant,vaccine15,2024-02-10,202.85184,197.71364035883906,209.27458955145119,11.239811715039577,4.81706216358839,16.378011356200528,79.55679229551451,34.09576812664908,115.92561163060685,15% vaccination
infant,vaccine15,2024-02-17,193.34315999999998,188.44581346701844,199.4648431662269,10.712945540897095,4.591262374670184,15.610292073878627,90.26973783641161,38.68703050131926,131.5359037044855,15% vaccination
infant,vaccine15,2024-02-24,123.61283999999998,120.48174959366753,127.52670300791556,6.8492602638522415,2.935397255936675,9.980350670184695,97.11899810026385,41.62242775725594,141.51625437467018,15% vaccination
infant,vaccine15,2024-03-02,96.67157999999999,94.22290673350922,99.73242158311345,5.356472770448548,2.295631187335092,7.8051460369393135,102.4754708707124,43.91805894459103,149.3214004116095,15% vaccination
infant,vaccine15,2024-03-09,88.74767999999999,86.49971765699208,91.55763292875989,4.917417625329814,2.1074646965699206,7.16537996833773,107.39288849604222,46.02552364116095,156.48678037994722,15% vaccination
infant,vaccine15,2024-03-16,61.80641999999999,60.240874796833765,63.76335150395778,3.4246301319261208,1.4676986279683375,4.9901753350923475,110.81751862796834,47.49322226912929,161.47695571503957,15% vaccination
infant,vaccine15,2024-03-23,52.29774,50.97304790501319,53.953605118733506,2.8977639577836407,1.2418988390501318,4.222456052770449,113.71528258575198,48.73512110817942,165.69941176781,15% vaccination
infant,vaccine15,2024-03-30,88.74767999999999,86.49971765699208,91.55763292875989,4.917417625329814,2.1074646965699206,7.16537996833773,118.6327002110818,50.84258580474934,172.86479173614774,15% vaccination
infant,vaccine15,2024-04-06,33.133979999999994,32.29470240633245,34.18307699208443,1.8359197361477568,0.7868227440633243,2.675197329815303,120.46861994722956,51.62940854881266,175.53998906596303,15% vaccination
infant,vaccine15,2024-04-13,42.170519999999996,41.10234851715039,43.505734353562005,2.336625118733509,1.0014107651715038,3.4047966015831133,122.80524506596306,52.63081931398417,178.94478566754614,15% vaccination
infant,vaccine15,2024-04-20,49.70096999999999,48.44205360949867,51.27461548812664,2.7538796042216354,1.1802341160949865,4.012795994722954,125.5591246701847,53.811053430079156,182.9575816622691,15% vaccination
infant,vaccine15,2024-04-27,33.133979999999994,32.29470240633245,34.18307699208443,1.8359197361477568,0.7868227440633243,2.675197329815303,127.39504440633246,54.59787617414248,185.63277899208438,15% vaccination
infant,vaccine15,2024-05-04,49.70096999999999,48.44205360949867,51.27461548812664,2.7538796042216354,1.1802341160949865,4.012795994722954,130.14892401055408,55.778110290237464,189.64557498680733,15% vaccination
infant,vaccine15,2024-05-11,25.603529999999996,24.954997313984162,26.414195857519783,1.4186652506596302,0.6079993931398415,2.0671979366754614,131.56758926121373,56.386109683377306,191.7127729234828,15% vaccination
infant,vaccine15,2024-05-18,42.170519999999996,41.10234851715039,43.505734353562005,2.336625118733509,1.0014107651715038,3.4047966015831133,133.90421437994723,57.38752044854881,195.1175695250659,15% vaccination
infant,vaccine15,2024-05-25,49.70096999999999,48.44205360949867,51.27461548812664,2.7538796042216354,1.1802341160949865,4.012795994722954,136.65809398416886,58.5677545646438,199.13036551978885,15% vaccination
infant,vaccine15,2024-06-01,75.3045,73.39705092348285,77.68881134564644,4.1725448548812665,1.7882335092348285,6.079993931398417,140.83063883905012,60.35598807387863,205.21035945118726,15% vaccination
infant,vaccine15,2024-06-08,58.73751,57.24969972031662,60.597272849604224,3.2545849868073877,1.3948221372031662,4.742395266490765,144.08522382585753,61.75081021108179,209.95275471767803,15% vaccination
infant,vaccine15,2024-06-15,42.170519999999996,41.10234851715039,43.505734353562005,2.336625118733509,1.0014107651715038,3.4047966015831133,146.42184894459103,62.7522209762533,213.35755131926115,15% vaccination
infant,vaccine15,2024-06-22,91.87148999999998,89.54440212664906,94.78034984168863,5.090504722955144,2.1816448812664904,7.417592596306067,151.51235366754617,64.93386585751979,220.7751439155672,15% vaccination
infant,vaccine15,2024-06-29,91.87148999999998,89.54440212664906,94.78034984168863,5.090504722955144,2.1816448812664904,7.417592596306067,156.6028583905013,67.11551073878628,228.19273651187328,15% vaccination
infant,vaccine15,2024-07-06,88.33775999999997,86.10018085488124,91.1347339313984,4.894704379947227,2.0977304485488117,7.132283525065961,161.49756277044852,69.2132411873351,235.32502003693924,15% vaccination
infant,vaccine15,2024-07-13,123.04187999999996,119.92525190501316,126.93766511873348,6.817623957783638,2.921838839050131,9.934252052770447,168.31518672823216,72.13508002638522,245.25927208970967,15% vaccination
infant,vaccine15,2024-07-20,167.21076,162.97534233245383,172.50503208443274,9.264976147757256,3.970704063324538,13.50039381530343,177.58016287598943,76.10578408970976,258.7596659050131,15% vaccination
infant,vaccine15,2024-07-27,123.04187999999996,119.92525190501316,126.93766511873348,6.817623957783638,2.921838839050131,9.934252052770447,184.39778683377307,79.02762292875988,268.6939179577835,15% vaccination
infant,vaccine15,2024-08-03,123.04187999999996,119.92525190501316,126.93766511873348,6.817623957783638,2.921838839050131,9.934252052770447,191.2154107915567,81.94946176781,278.62817001055396,15% vaccination
infant,vaccine15,2024-08-10,201.91487999999998,196.80041338258573,208.30796327176782,11.187895725593666,4.794812453825857,16.302362343007914,202.40330651715038,86.74427422163586,294.9305323535619,15% vaccination
infant,vaccine15,2024-08-17,184.56282,179.88787785751978,190.40649767810027,10.226435936675461,4.382758258575198,14.901378079155672,212.62974245382586,91.12703248021106,309.83191043271756,15% vaccination
infant,vaccine15,2024-08-24,113.57712,110.70023252770447,117.17322934036939,6.293191345646437,2.6970820052770446,9.170078817941953,218.9229337994723,93.8241144854881,319.0019892506595,15% vaccination
infant,vaccine15,2024-08-31,140.39394,136.83778743007915,144.83913071240104,7.779083746701845,3.333893034300791,11.335236316622689,226.70201754617415,97.15800751978888,330.3372255672822,15% vaccination
infant,vaccine15,2024-09-07,130.92918,127.61276805277046,135.07469493403696,7.254651134564644,3.1091362005277046,10.571063081794197,233.9566686807388,100.26714372031658,340.9082886490764,15% vaccination
infant,vaccine15,2024-09-14,78.873,76.87516147757256,81.37029815303431,4.370271767810026,1.8729736147757257,6.3681102902374676,238.32694044854884,102.14011733509231,347.2763989393138,15% vaccination
infant,vaccine15,2024-09-21,157.746,153.75032295514512,162.74059630606862,8.740543535620052,3.7459472295514513,12.736220580474935,247.0674839841689,105.88606456464376,360.01261951978876,15% vaccination
infant,vaccine15,2024-09-28,105.68982000000001,103.01271637994724,109.03619952506598,5.856164168865435,2.509784643799472,8.533267788918206,252.92364815303432,108.39584920844324,368.54588730870694,15% vaccination
infant,vaccine15,2024-10-05,42.44319,41.36811183641161,43.78703770448549,2.351733482849604,1.007885778364116,3.426811646437995,255.27538163588392,109.40373498680735,371.97269895514495,15% vaccination
infant,vaccine15,2024-10-12,67.59470999999999,65.88254848021107,69.73491189973615,3.7453533245382578,1.6051514248021104,5.457514844327176,259.0207349604222,111.00888641160947,377.43021379947214,15% vaccination
infant,vaccine15,2024-10-19,67.59470999999999,65.88254848021107,69.73491189973615,3.7453533245382578,1.6051514248021104,5.457514844327176,262.76608828496046,112.61403783641158,382.88772864379933,15% vaccination
infant,vaccine15,2024-10-26,42.44319,41.36811183641161,43.78703770448549,2.351733482849604,1.007885778364116,3.426811646437995,265.1178217678101,113.6219236147757,386.31454029023735,15% vaccination
infant,vaccine15,2024-11-02,50.30304,49.02887328759895,51.895748390501325,2.7872396833773085,1.1945312928759895,4.061406395778365,267.9050614511874,114.81645490765169,390.3759466860157,15% vaccination
infant,vaccine15,2024-11-09,25.15152,24.514436643799474,25.947874195250662,1.3936198416886543,0.5972656464379947,2.0307031978891823,269.29868129287604,115.41372055408968,392.4066498839049,15% vaccination
infant,vaccine15,2024-11-16,92.74623,90.39698512401056,95.68278609498681,5.138973166226912,2.2024170712401054,7.488218042216358,274.43765445910293,117.61613762532978,399.89486792612126,15% vaccination
infant,vaccine15,2024-11-23,84.88638,82.73622367282321,87.57407540897098,4.703466965699208,2.015771556728232,6.85362329287599,279.1411214248021,119.63190918205801,406.74849121899723,15% vaccination
infant,vaccine15,2024-11-30,67.59470999999999,65.88254848021107,69.73491189973615,3.7453533245382578,1.6051514248021104,5.457514844327176,282.8864747493404,121.23706060686013,412.2060060633244,15% vaccination
infant,vaccine15,2024-12-07,59.734860000000005,58.22178702902375,61.62620121372032,3.3098471240105543,1.4185059102902375,4.822920094986808,286.19632187335094,122.65556651715036,417.0289261583112,15% vaccination
infant,vaccine15,2024-12-14,92.74623,90.39698512401056,95.68278609498681,5.138973166226912,2.2024170712401054,7.488218042216358,291.33529503957783,124.85798358839047,424.5171442005276,15% vaccination
infant,vaccine15,2024-12-21,84.88638,82.73622367282321,87.57407540897098,4.703466965699208,2.015771556728232,6.85362329287599,296.038762005277,126.8737551451187,431.37076749340355,15% vaccination
infant,vaccine15,2024-12-28,119.46972000000001,116.4435740580475,123.25240242744064,6.6196942480211085,2.837011820580475,9.645840189973615,302.65845625329814,129.71076696569918,441.0166076833772,15% vaccination
infant,vaccine15,2025-01-04,120.44328,117.39247396306068,124.25678754617415,6.673638205804749,2.8601306596306064,9.724444242744063,309.3320944591029,132.5708976253298,450.74105192612126,15% vaccination
infant,vaccine15,2025-01-11,60.22164,58.69623698153034,62.128393773087076,3.3368191029023744,1.4300653298153032,4.862222121372032,312.6689135620053,134.0009629551451,455.6032740474933,15% vaccination
infant,vaccine15,2025-01-18,85.57812000000001,83.41044202638524,88.28771746701848,4.741795567282322,2.0321981002638525,6.909473540897098,317.4107091292876,136.03316105540895,462.5127475883904,15% vaccination
infant,vaccine15,2025-01-25,93.50202,91.13363110290237,96.46250612137203,5.180850712401055,2.2203645910290235,7.549239609498681,322.5915598416887,138.25352564643796,470.0619871978891,15% vaccination
infant,vaccine15,2025-02-01,103.0107,100.40145799472296,106.27225250659632,5.707716886543536,2.4461643799472297,8.316958891820581,328.29927672823226,140.69969002638518,478.3789460897097,15% vaccination
infant,vaccine15,2025-02-08,120.44328,117.39247396306068,124.25678754617415,6.673638205804749,2.8601306596306064,9.724444242744063,334.972914934037,143.5598206860158,488.1033903324538,15% vaccination
infant,vaccine15,2025-02-15,103.0107,100.40145799472296,106.27225250659632,5.707716886543536,2.4461643799472297,8.316958891820581,340.6806318205806,146.00598506596302,496.4203492242744,15% vaccination
infant,vaccine15,2025-02-22,103.0107,100.40145799472296,106.27225250659632,5.707716886543536,2.4461643799472297,8.316958891820581,346.3883487071241,148.45214944591024,504.737308116095,15% vaccination
infant,vaccine15,2025-03-01,42.789060000000006,41.70522101319262,44.14385873350924,2.370897783641161,1.0160990501319263,3.454736770448549,348.7592464907653,149.46824849604215,508.19204488654356,15% vaccination
infant,vaccine15,2025-03-08,68.14554,66.41942605804749,70.30318242744063,3.7758742480211076,1.6182318205804749,5.5019881899736145,352.5351207387864,151.0864803166226,513.6940330765171,15% vaccination
infant,vaccine15,2025-03-15,85.57812000000001,83.41044202638524,88.28771746701848,4.741795567282322,2.0321981002638525,6.909473540897098,357.27691630606876,153.11867841688647,520.6035066174143,15% vaccination
infant,vaccine15,2025-03-22,68.14554,66.41942605804749,70.30318242744063,3.7758742480211076,1.6182318205804749,5.5019881899736145,361.0527905540899,154.73691023746693,526.1054948073879,15% vaccination
infant,vaccine15,2025-03-29,77.65422,75.68725294986807,80.11292881266492,4.302740422163588,1.8440316094986806,6.269707472295514,365.3555309762535,156.5809418469656,532.3752022796834,15% vaccination
infant,vaccine15,2025-04-05,81.32886000000002,79.26881499736149,83.90391625329816,4.506348443271768,1.9312921899736148,6.566393445910291,369.8618794195252,158.51223403693922,538.9415957255937,15% vaccination
infant,vaccine15,2025-04-12,33.133979999999994,32.29470240633245,34.18307699208443,1.8359197361477568,0.7868227440633243,2.675197329815303,371.69779915567295,159.29905678100255,541.6167930554091,15% vaccination
infant,vaccine15,2025-04-19,7.530449999999998,7.339705092348283,7.7688811345646425,0.41725448548812655,0.1788233509234828,0.6079993931398416,372.11505364116107,159.47788013192604,542.2247924485489,15% vaccination
infant,vaccine15,2025-04-26,57.23142000000001,55.78175870184697,59.0434966226913,3.1711340897097626,1.3590574670184699,4.620795387862797,375.28618773087084,160.8369375989445,546.8455878364117,15% vaccination
infant,vaccine50,2024-01-06,275.9775197889182,249.21606332453828,309.4293403693932,58.540686015831135,25.0888654353562,85.30214248021109,58.540686015831135,25.0888654353562,85.30214248021109,50% vaccination
infant,vaccine50,2024-01-13,237.34066701846965,214.3258144591029,266.10923271767814,50.34498997361477,21.57642427440633,73.35984253298153,108.8856759894459,46.66528970976253,158.66198501319263,50% vaccination
infant,vaccine50,2024-01-20,161.44684907651714,145.79139704485488,181.01616411609498,34.246301319261214,14.676986279683376,49.901753350923485,143.13197730870712,61.34227598944591,208.56373836411612,50% vaccination
infant,vaccine50,2024-01-27,191.80437625329813,173.20516401055409,215.05339155672823,40.68577678100264,17.43676147757256,59.284989023746704,183.81775408970975,78.77903746701847,267.8487273878628,50% vaccination
infant,vaccine50,2024-02-03,206.98313984168865,186.9120474934037,232.07200527704487,43.90551451187335,18.816649076517148,63.97660686015831,227.7232686015831,97.59568654353562,331.82533424802114,50% vaccination
infant,vaccine50,2024-02-10,176.62561266490764,159.49828052770448,198.03477783641162,37.466039050131926,16.056873878627968,54.593371187335094,265.189307651715,113.65256042216359,386.41870543535623,50% vaccination
infant,vaccine50,2024-02-17,168.34628707124008,152.0217986279683,188.7518976253298,35.70981846965699,15.30420791556728,52.034306912928756,300.899126121372,128.95676833773086,438.453012348285,50% vaccination
infant,vaccine50,2024-02-24,107.63123271767807,97.1942646965699,120.67744274406331,22.830867546174137,9.784657519788917,33.26783556728232,323.7299936675461,138.74142585751977,471.7208479155673,50% vaccination
infant,vaccine50,2024-03-02,84.17314353562004,76.01089931398415,94.3759488126649,17.854909234828494,7.65210395778364,26.017153456464378,341.5849029023746,146.39352981530342,497.73800137203165,50% vaccination
infant,vaccine50,2024-03-09,77.27370554089708,69.7804977308707,86.64021530343008,16.391392084432717,7.024882321899735,23.8845998944591,357.9762949868073,153.41841213720315,521.6226012664907,50% vaccination
infant,vaccine50,2024-03-16,53.81561635883904,48.59713234828495,60.33872137203166,11.415433773087068,4.8923287598944585,16.63391778364116,369.39172875989436,158.31074089709762,538.2565190501319,50% vaccination
infant,vaccine50,2024-03-23,45.5362907651715,41.12065044854881,51.05584116094987,9.659213192612135,4.139662796833773,14.074853509234828,379.0509419525065,162.45040369393138,552.3313725593667,50% vaccination
infant,vaccine50,2024-03-30,77.27370554089708,69.7804977308707,86.64021530343008,16.391392084432717,7.024882321899735,23.8845998944591,395.4423340369392,169.4752860158311,576.2159724538259,50% vaccination
infant,vaccine50,2024-04-06,28.850167282321895,26.052575303430075,32.34715725593667,6.119732453825856,2.6227424802110813,8.917324432717677,401.56206649076506,172.0980284960422,585.1332968865436,50% vaccination
infant,vaccine50,2024-04-13,36.71839472295514,33.15782311345646,41.1691092348285,7.788750395778362,3.338035883905013,11.349322005277044,409.35081688654344,175.4360643799472,596.4826188918206,50% vaccination
infant,vaccine50,2024-04-20,43.275250923482844,39.07886295514511,48.52073588390501,9.179598680738785,3.934113720316622,13.375986649076516,418.5304155672822,179.37017810026381,609.8586055408971,50% vaccination
infant,vaccine50,2024-04-27,28.850167282321895,26.052575303430075,32.34715725593667,6.119732453825856,2.6227424802110813,8.917324432717677,424.65014802110807,181.9929205804749,618.7759299736148,50% vaccination
infant,vaccine50,2024-05-04,43.275250923482844,39.07886295514511,48.52073588390501,9.179598680738785,3.934113720316622,13.375986649076516,433.82974670184683,185.92703430079152,632.1519166226913,50% vaccination
infant,vaccine50,2024-05-11,22.29331108179419,20.13153546174142,24.995530606860154,4.728884168865434,2.0266646437994718,6.890659788918204,438.55863087071225,187.953698944591,639.0425764116095,50% vaccination
infant,vaccine50,2024-05-18,36.71839472295514,33.15782311345646,41.1691092348285,7.788750395778362,3.338035883905013,11.349322005277044,446.34738126649063,191.291734828496,650.3918984168865,50% vaccination
infant,vaccine50,2024-05-25,43.275250923482844,39.07886295514511,48.52073588390501,9.179598680738785,3.934113720316622,13.375986649076516,455.5269799472294,195.22584854881262,663.767885065963,50% vaccination
infant,vaccine50,2024-06-01,65.56856200527704,59.21039841688655,73.51626649076518,13.908482849604221,5.960778364116095,20.266646437994723,469.43546279683363,201.18662691292872,684.0345315039577,50% vaccination
infant,vaccine50,2024-06-08,51.14347836411609,46.1841107651715,57.342687862796836,10.848616622691292,4.649407124010554,15.807984221635884,480.2840794195249,205.83603403693928,699.8425157255937,50% vaccination
infant,vaccine50,2024-06-15,36.71839472295514,33.15782311345646,41.1691092348285,7.788750395778362,3.338035883905013,11.349322005277044,488.0728298153033,209.1740699208443,711.1918377308707,50% vaccination
infant,vaccine50,2024-06-22,79.99364564643797,72.23668606860157,89.6898451187335,16.968349076517146,7.272149604221634,24.725308654353558,505.04117889182044,216.4462195250659,735.9171463852242,50% vaccination
infant,vaccine50,2024-06-29,79.99364564643797,72.23668606860157,89.6898451187335,16.968349076517146,7.272149604221634,24.725308654353558,522.0095279683376,223.71836912928754,760.6424550395777,50% vaccination
infant,vaccine50,2024-07-06,76.91678311345643,69.45818596306067,86.24002955145117,16.31568126649076,6.99243482849604,23.77427841688654,538.3252092348283,230.71080395778358,784.4167334564643,50% vaccination
infant,vaccine50,2024-07-13,107.13409076517146,96.74533044854878,120.12004116094984,22.72541319261213,9.73946279683377,33.11417350923482,561.0506224274404,240.45026675461736,817.530906965699,50% vaccination
infant,vaccine50,2024-07-20,145.59248232189972,131.47442343007916,163.24005593667547,30.88325382585752,13.235680211081794,45.001312717678104,591.933876253298,253.68594696569915,862.5322196833772,50% vaccination
infant,vaccine50,2024-07-27,107.13409076517146,96.74533044854878,120.12004116094984,22.72541319261213,9.73946279683377,33.11417350923482,614.6592894459101,263.4254097625329,895.646393192612,50% vaccination
infant,vaccine50,2024-08-03,107.13409076517146,96.74533044854878,120.12004116094984,22.72541319261213,9.73946279683377,33.11417350923482,637.3847026385222,273.1648725593667,928.7605667018468,50% vaccination
infant,vaccine50,2024-08-10,175.80978997361476,158.76156791556727,197.12006754617414,37.29298575197889,15.982708179419523,54.34120781002638,674.6776883905011,289.14758073878625,983.1017745118731,50% vaccination
infant,vaccine50,2024-08-17,160.70113614775724,145.1179956728232,180.18006174142482,34.088119788918206,14.609194195250659,49.67126026385224,708.7658081794193,303.7567749340369,1032.7730347757254,50% vaccination
infant,vaccine50,2024-08-24,98.8930068601583,89.30338195250658,110.88003799472295,20.977304485488123,8.990273350923482,30.56692939313984,729.7431126649075,312.7470482849604,1063.3399641688652,50% vaccination
infant,vaccine50,2024-08-31,122.24274459102901,110.38890269129286,137.0600469656992,25.930279155672817,11.112976781002637,37.78412105540897,755.6733918205803,323.86002506596304,1101.1240852242743,50% vaccination
infant,vaccine50,2024-09-07,114.00166068601584,102.94695419525067,127.82004379947232,24.182170448548813,10.363787335092349,35.23687693931399,779.8555622691291,334.2238124010554,1136.3609621635883,50% vaccination
infant,vaccine50,2024-09-14,68.67569920844328,62.01623746701847,77.00002638522427,14.567572559366754,6.243245382585752,21.22703430079156,794.4231348284959,340.46705778364117,1157.5879964643798,50% vaccination
infant,vaccine50,2024-09-21,137.35139841688655,124.03247493403694,154.00005277044855,29.135145118733508,12.486490765171505,42.45406860158312,823.5582799472294,352.95354854881265,1200.042065065963,50% vaccination
infant,vaccine50,2024-09-28,92.02543693931399,83.10175820580476,103.18003535620055,19.52054722955145,8.365948812664907,28.44422596306069,843.0788271767808,361.31949736147754,1228.4862910290237,50% vaccination
infant,vaccine50,2024-10-05,36.955811873350925,33.37221799472295,41.43530422163589,7.83911160949868,3.3596192612137203,11.422705488126649,850.9179387862795,364.67911662269125,1239.9089965171504,50% vaccination
infant,vaccine50,2024-10-12,58.855552242744054,53.148347176780995,65.98955857519789,12.484511081794192,5.350504749340368,18.191716147757255,863.4024498680736,370.0296213720316,1258.1007126649076,50% vaccination
infant,vaccine50,2024-10-19,58.855552242744054,53.148347176780995,65.98955857519789,12.484511081794192,5.350504749340368,18.191716147757255,875.8869609498678,375.380126121372,1276.2924288126649,50% vaccination
infant,vaccine50,2024-10-26,36.955811873350925,33.37221799472295,41.43530422163589,7.83911160949868,3.3596192612137203,11.422705488126649,883.7260725593665,378.7397453825857,1287.7151343007915,50% vaccination
infant,vaccine50,2024-11-02,43.79948073878628,39.5522583641161,49.10850870712402,9.290798944591028,3.9817709762532982,13.538021319261215,893.0168715039575,382.721516358839,1301.2531556200527,50% vaccination
infant,vaccine50,2024-11-09,21.89974036939314,19.77612918205805,24.55425435356201,4.645399472295514,1.9908854881266491,6.769010659630608,897.662270976253,384.71240184696563,1308.0221662796832,50% vaccination
infant,vaccine50,2024-11-16,80.7552926121372,72.92447635883906,90.5438129287599,17.129910554089708,7.341390237467018,24.960726807387864,914.7921815303428,392.05379208443264,1332.982893087071,50% vaccination
infant,vaccine50,2024-11-23,73.91162374670185,66.7444359894459,82.87060844327178,15.67822321899736,6.719238522427441,22.845410976253298,930.4704047493401,398.77303060686006,1355.8283040633244,50% vaccination
infant,vaccine50,2024-11-30,58.855552242744054,53.148347176780995,65.98955857519789,12.484511081794192,5.350504749340368,18.191716147757255,942.9549158311343,404.1235353562004,1374.0200202110816,50% vaccination
infant,vaccine50,2024-12-07,52.011883377308706,46.96830680738786,58.31635408970977,11.032823746701848,4.728353034300792,16.076400316622692,953.9877395778361,408.8518883905012,1390.0964205277044,50% vaccination
infant,vaccine50,2024-12-14,80.7552926121372,72.92447635883906,90.5438129287599,17.129910554089708,7.341390237467018,24.960726807387864,971.1176501319259,416.1932786279682,1415.0571473350922,50% vaccination
infant,vaccine50,2024-12-21,73.91162374670185,66.7444359894459,82.87060844327178,15.67822321899736,6.719238522427441,22.845410976253298,986.7958733509232,422.9125171503956,1437.9025583113455,50% vaccination
infant,vaccine50,2024-12-28,104.02376675461741,93.93661361477572,116.63270817941954,22.065647493403695,9.456706068601584,32.152800633245384,1008.861520844327,432.3692232189972,1470.0553589445908,50% vaccination
infant,vaccine50,2025-01-04,104.87145751978892,94.70210406332454,117.5831493403694,22.24546068601583,9.533768865435356,32.41481414248021,1031.1069815303429,441.9029920844326,1502.470173087071,50% vaccination
infant,vaccine50,2025-01-11,52.43572875989446,47.35105203166227,58.7915746701847,11.122730343007914,4.766884432717678,16.207407071240105,1042.2297118733509,446.66987651715027,1518.6775801583112,50% vaccination
infant,vaccine50,2025-01-18,74.51393034300793,67.28833709762534,83.54592189973617,15.805985224274409,6.773993667546175,23.031578469656996,1058.0356970976252,453.44387018469644,1541.7091586279682,50% vaccination
infant,vaccine50,2025-01-25,81.41336833773087,73.51873868073879,91.28165540897098,17.269502374670182,7.401215303430079,25.16413203166227,1075.3051994722953,460.84508548812653,1566.8732906596306,50% vaccination
infant,vaccine50,2025-02-01,89.69269393139841,80.99522058047494,100.56453562005278,19.025722955145117,8.153881266490766,27.7231963060686,1094.3309224274403,468.9989667546173,1594.5964869656991,50% vaccination
infant,vaccine50,2025-02-08,104.87145751978892,94.70210406332454,117.5831493403694,22.24546068601583,9.533768865435356,32.41481414248021,1116.5763831134561,478.5327356200527,1627.0113011081794,50% vaccination
infant,vaccine50,2025-02-15,89.69269393139841,80.99522058047494,100.56453562005278,19.025722955145117,8.153881266490766,27.7231963060686,1135.6021060686012,486.68661688654345,1654.734497414248,50% vaccination
infant,vaccine50,2025-02-22,89.69269393139841,80.99522058047494,100.56453562005278,19.025722955145117,8.153881266490766,27.7231963060686,1154.6278290237462,494.8404981530342,1682.4576937203165,50% vaccination
infant,vaccine50,2025-03-01,37.256965171503964,33.64416854881267,41.772960949868086,7.902992612137204,3.3869968337730874,11.515789234828498,1162.5308216358835,498.2274949868073,1693.9734829551448,50% vaccination
infant,vaccine50,2025-03-08,59.33516675461741,53.581453614775725,66.52730817941953,12.586247493403693,5.394106068601583,18.339960633245383,1175.1170691292873,503.62160105540886,1712.3134435883903,50% vaccination
infant,vaccine50,2025-03-15,74.51393034300793,67.28833709762534,83.54592189973617,15.805985224274409,6.773993667546175,23.031578469656996,1190.9230543535616,510.395594722955,1735.3450220580473,50% vaccination
infant,vaccine50,2025-03-22,59.33516675461741,53.581453614775725,66.52730817941953,12.586247493403693,5.394106068601583,18.339960633245383,1203.5093018469654,515.7897007915566,1753.6849826912928,50% vaccination
infant,vaccine50,2025-03-29,67.61449234828495,61.057935514511875,75.81018839050132,14.342468073878628,6.146772031662269,20.899024907651714,1217.851769920844,521.9364728232189,1774.5840075989445,50% vaccination
infant,vaccine50,2025-04-05,70.81404696569922,63.94723029023748,79.3975678100264,15.02116147757256,6.437640633245383,21.887978153034304,1232.8729313984165,528.3741134564642,1796.4719857519788,50% vaccination
infant,vaccine50,2025-04-12,28.850167282321895,26.052575303430075,32.34715725593667,6.119732453825856,2.6227424802110813,8.917324432717677,1238.9926638522425,530.9968559366753,1805.3893101846963,50% vaccination
infant,vaccine50,2025-04-19,6.556856200527703,5.921039841688653,7.3516266490765165,1.3908482849604218,0.5960778364116094,2.0266646437994718,1240.3835121372028,531.5929337730869,1807.4159748284958,50% vaccination
infant,vaccine50,2025-04-26,49.832107124010555,44.99990279683377,55.87236253298154,10.570446965699208,4.530191556728233,15.40265129287599,1250.953959102902,536.1231253298151,1822.8186261213718,50% vaccination
pregnant,observed,2024-01-06,123.2409,NA,NA,NA,NA,NA,NA,NA,NA,No vaccination
pregnant,observed,2024-01-13,128.5992,NA,NA,NA,NA,NA,NA,NA,NA,No vaccination
pregnant,observed,2024-01-20,107.166,NA,NA,NA,NA,NA,NA,NA,NA,No vaccination
pregnant,observed,2024-01-27,91.09110000000001,NA,NA,NA,NA,NA,NA,NA,NA,No vaccination
pregnant,observed,2024-02-03,91.09110000000001,NA,NA,NA,NA,NA,NA,NA,NA,No vaccination
pregnant,observed,2024-02-10,80.37450000000001,NA,NA,NA,NA,NA,NA,NA,NA,No vaccination
pregnant,observed,2024-02-17,64.2996,NA,NA,NA,NA,NA,NA,NA,NA,No vaccination
pregnant,observed,2024-02-24,75.0162,NA,NA,NA,NA,NA,NA,NA,NA,No vaccination
pregnant,observed,2024-03-02,64.2996,NA,NA,NA,NA,NA,NA,NA,NA,No vaccination
pregnant,observed,2024-03-09,37.5081,NA,NA,NA,NA,NA,NA,NA,NA,No vaccination
pregnant,observed,2024-03-16,37.5081,NA,NA,NA,NA,NA,NA,NA,NA,No vaccination
pregnant,observed,2024-03-23,32.1498,NA,NA,NA,NA,NA,NA,NA,NA,No vaccination
pregnant,observed,2024-03-30,26.7915,NA,NA,NA,NA,NA,NA,NA,NA,No vaccination
pregnant,observed,2024-04-06,20.383800000000004,NA,NA,NA,NA,NA,NA,NA,NA,No vaccination
pregnant,observed,2024-04-13,20.383800000000004,NA,NA,NA,NA,NA,NA,NA,NA,No vaccination
pregnant,observed,2024-04-20,15.287849999999999,NA,NA,NA,NA,NA,NA,NA,NA,No vaccination
pregnant,observed,2024-04-27,20.383800000000004,NA,NA,NA,NA,NA,NA,NA,NA,No vaccination
pregnant,observed,2024-05-04,15.287849999999999,NA,NA,NA,NA,NA,NA,NA,NA,No vaccination
pregnant,observed,2024-05-11,15.287849999999999,NA,NA,NA,NA,NA,NA,NA,NA,No vaccination
pregnant,observed,2024-05-18,15.287849999999999,NA,NA,NA,NA,NA,NA,NA,NA,No vaccination
pregnant,observed,2024-05-25,20.383800000000004,NA,NA,NA,NA,NA,NA,NA,NA,No vaccination
pregnant,observed,2024-06-01,25.479750000000003,NA,NA,NA,NA,NA,NA,NA,NA,No vaccination
pregnant,observed,2024-06-08,25.479750000000003,NA,NA,NA,NA,NA,NA,NA,NA,No vaccination
pregnant,observed,2024-06-15,30.575699999999998,NA,NA,NA,NA,NA,NA,NA,NA,No vaccination
pregnant,observed,2024-06-22,25.479750000000003,NA,NA,NA,NA,NA,NA,NA,NA,No vaccination
pregnant,observed,2024-06-29,40.76760000000001,NA,NA,NA,NA,NA,NA,NA,NA,No vaccination
pregnant,observed,2024-07-06,52.629000000000005,NA,NA,NA,NA,NA,NA,NA,NA,No vaccination
pregnant,observed,2024-07-13,52.629000000000005,NA,NA,NA,NA,NA,NA,NA,NA,No vaccination
pregnant,observed,2024-07-20,57.89190000000001,NA,NA,NA,NA,NA,NA,NA,NA,No vaccination
pregnant,observed,2024-07-27,73.68059999999998,NA,NA,NA,NA,NA,NA,NA,NA,No vaccination
pregnant,observed,2024-08-03,78.9435,NA,NA,NA,NA,NA,NA,NA,NA,No vaccination
pregnant,observed,2024-08-10,89.46929999999999,NA,NA,NA,NA,NA,NA,NA,NA,No vaccination
pregnant,observed,2024-08-17,73.68059999999998,NA,NA,NA,NA,NA,NA,NA,NA,No vaccination
pregnant,observed,2024-08-24,78.9435,NA,NA,NA,NA,NA,NA,NA,NA,No vaccination
pregnant,observed,2024-08-31,68.41770000000001,NA,NA,NA,NA,NA,NA,NA,NA,No vaccination
pregnant,observed,2024-09-07,63.15479999999999,NA,NA,NA,NA,NA,NA,NA,NA,No vaccination
pregnant,observed,2024-09-14,63.15479999999999,NA,NA,NA,NA,NA,NA,NA,NA,No vaccination
pregnant,observed,2024-09-21,52.629000000000005,NA,NA,NA,NA,NA,NA,NA,NA,No vaccination
pregnant,observed,2024-09-28,42.10320000000001,NA,NA,NA,NA,NA,NA,NA,NA,No vaccination
pregnant,observed,2024-10-05,38.5098,NA,NA,NA,NA,NA,NA,NA,NA,No vaccination
pregnant,observed,2024-10-12,38.5098,NA,NA,NA,NA,NA,NA,NA,NA,No vaccination
pregnant,observed,2024-10-19,22.005599999999998,NA,NA,NA,NA,NA,NA,NA,NA,No vaccination
pregnant,observed,2024-10-26,33.008399999999995,NA,NA,NA,NA,NA,NA,NA,NA,No vaccination
pregnant,observed,2024-11-02,27.506999999999998,NA,NA,NA,NA,NA,NA,NA,NA,No vaccination
pregnant,observed,2024-11-09,27.506999999999998,NA,NA,NA,NA,NA,NA,NA,NA,No vaccination
pregnant,observed,2024-11-16,22.005599999999998,NA,NA,NA,NA,NA,NA,NA,NA,No vaccination
pregnant,observed,2024-11-23,27.506999999999998,NA,NA,NA,NA,NA,NA,NA,NA,No vaccination
pregnant,observed,2024-11-30,22.005599999999998,NA,NA,NA,NA,NA,NA,NA,NA,No vaccination
pregnant,observed,2024-12-07,33.008399999999995,NA,NA,NA,NA,NA,NA,NA,NA,No vaccination
pregnant,observed,2024-12-14,33.008399999999995,NA,NA,NA,NA,NA,NA,NA,NA,No vaccination
pregnant,observed,2024-12-21,38.5098,NA,NA,NA,NA,NA,NA,NA,NA,No vaccination
pregnant,observed,2024-12-28,49.5126,NA,NA,NA,NA,NA,NA,NA,NA,No vaccination
pregnant,observed,2025-01-04,53.583,NA,NA,NA,NA,NA,NA,NA,NA,No vaccination
pregnant,observed,2025-01-11,42.8664,NA,NA,NA,NA,NA,NA,NA,NA,No vaccination
pregnant,observed,2025-01-18,48.224700000000006,NA,NA,NA,NA,NA,NA,NA,NA,No vaccination
pregnant,observed,2025-01-25,42.8664,NA,NA,NA,NA,NA,NA,NA,NA,No vaccination
pregnant,observed,2025-02-01,53.583,NA,NA,NA,NA,NA,NA,NA,NA,No vaccination
pregnant,observed,2025-02-08,48.224700000000006,NA,NA,NA,NA,NA,NA,NA,NA,No vaccination
pregnant,observed,2025-02-15,37.5081,NA,NA,NA,NA,NA,NA,NA,NA,No vaccination
pregnant,observed,2025-02-22,42.8664,NA,NA,NA,NA,NA,NA,NA,NA,No vaccination
pregnant,observed,2025-03-01,32.1498,NA,NA,NA,NA,NA,NA,NA,NA,No vaccination
pregnant,observed,2025-03-08,32.1498,NA,NA,NA,NA,NA,NA,NA,NA,No vaccination
pregnant,observed,2025-03-15,26.7915,NA,NA,NA,NA,NA,NA,NA,NA,No vaccination
pregnant,observed,2025-03-22,26.7915,NA,NA,NA,NA,NA,NA,NA,NA,No vaccination
pregnant,observed,2025-03-29,32.1498,NA,NA,NA,NA,NA,NA,NA,NA,No vaccination
pregnant,observed,2025-04-05,20.383800000000004,NA,NA,NA,NA,NA,NA,NA,NA,No vaccination
pregnant,observed,2025-04-12,20.383800000000004,NA,NA,NA,NA,NA,NA,NA,NA,No vaccination
pregnant,observed,2025-04-19,20.383800000000004,NA,NA,NA,NA,NA,NA,NA,NA,No vaccination
pregnant,observed,2025-04-26,15.287849999999999,NA,NA,NA,NA,NA,NA,NA,NA,No vaccination
pregnant,vaccine100,2024-01-06,82.57140299999999,76.409358,88.733448,18.075332,13.947666133333335,22.6205184,18.075332,13.947666133333335,22.6205184,100% vaccination
pregnant,vaccine100,2024-01-13,86.161464,79.731504,92.59142399999999,18.861216,14.554086400000001,23.604019200000003,36.936548,28.501752533333338,46.224537600000005,100% vaccination
pregnant,vaccine100,2024-01-20,71.80121999999999,66.44292,77.15952,15.717680000000001,12.128405333333335,19.670015999999997,52.654228,40.63015786666667,65.8945536,100% vaccination
pregnant,vaccine100,2024-01-27,61.031037,56.476482000000004,65.585592,13.360028000000002,10.309144533333336,16.719513600000003,66.014256,50.93930240000001,82.6140672,100% vaccination
pregnant,vaccine100,2024-02-03,61.031037,56.476482000000004,65.585592,13.360028000000002,10.309144533333336,16.719513600000003,79.374284,61.24844693333335,99.333580799999993,100% vaccination
pregnant,vaccine100,2024-02-10,53.850915,49.832190000000004,57.869640000000004,11.788260000000001,9.096304000000002,14.752511999999998,91.162544,70.34475093333334,114.08609279999999,100% vaccination
pregnant,vaccine100,2024-02-17,43.080732,39.865752,46.295711999999995,9.430608,7.2770432000000005,11.802009600000002,100.593152,77.62179413333334,125.8881024,100% vaccination
pregnant,vaccine100,2024-02-24,50.260853999999995,46.510044,54.011663999999996,11.002376,8.489883733333333,13.7690112,111.595528,86.11167786666667,139.6571136,100% vaccination
pregnant,vaccine100,2024-03-02,43.080732,39.865752,46.295711999999995,9.430608,7.2770432000000005,11.802009600000002,121.02613600000001,93.38872106666666,151.4591232,100% vaccination
pregnant,vaccine100,2024-03-09,25.130426999999997,23.255022,27.005831999999998,5.501188,4.244941866666666,6.8845056,126.52732400000001,97.63366293333333,158.3436288,100% vaccination
pregnant,vaccine100,2024-03-16,25.130426999999997,23.255022,27.005831999999998,5.501188,4.244941866666666,6.8845056,132.028512,101.87860479999999,165.22813440000002,100% vaccination
pregnant,vaccine100,2024-03-23,21.540366,19.932876,23.147855999999997,4.715304,3.6385216000000002,5.901004800000001,136.743816,105.5171264,171.12913920000003,100% vaccination
pregnant,vaccine100,2024-03-30,17.950304999999997,16.61073,19.28988,3.9294200000000004,3.0321013333333338,4.917503999999999,140.673236,108.54922773333332,176.04664320000003,100% vaccination
pregnant,vaccine100,2024-04-06,13.657146000000001,12.637956000000003,14.676336000000003,2.9896240000000005,2.3069162666666667,3.7413887999999993,143.66286,110.85614399999999,179.78803200000004,100% vaccination
pregnant,vaccine100,2024-04-13,13.657146000000001,12.637956000000003,14.676336000000003,2.9896240000000005,2.3069162666666667,3.7413887999999993,146.652484,113.16306026666665,183.52942080000005,100% vaccination
pregnant,vaccine100,2024-04-20,10.242859499999998,9.478466999999998,11.007252,2.242218,1.7301872000000003,2.8060415999999995,148.894702,114.89324746666665,186.33546240000004,100% vaccination
pregnant,vaccine100,2024-04-27,13.657146000000001,12.637956000000003,14.676336000000003,2.9896240000000005,2.3069162666666667,3.7413887999999993,151.884326,117.20016373333331,190.07685120000005,100% vaccination
pregnant,vaccine100,2024-05-04,10.242859499999998,9.478466999999998,11.007252,2.242218,1.7301872000000003,2.8060415999999995,154.126544,118.93035093333332,192.88289280000004,100% vaccination
pregnant,vaccine100,2024-05-11,10.242859499999998,9.478466999999998,11.007252,2.242218,1.7301872000000003,2.8060415999999995,156.368762,120.66053813333332,195.68893440000002,100% vaccination
pregnant,vaccine100,2024-05-18,10.242859499999998,9.478466999999998,11.007252,2.242218,1.7301872000000003,2.8060415999999995,158.61098,122.39072533333332,198.494976,100% vaccination
pregnant,vaccine100,2024-05-25,13.657146000000001,12.637956000000003,14.676336000000003,2.9896240000000005,2.3069162666666667,3.7413887999999993,161.600604,124.69764159999998,202.23636480000002,100% vaccination
pregnant,vaccine100,2024-06-01,17.0714325,15.797445000000002,18.34542,3.7370300000000003,2.8836453333333334,4.676735999999999,165.337634,127.58128693333332,206.91310080000002,100% vaccination
pregnant,vaccine100,2024-06-08,17.0714325,15.797445000000002,18.34542,3.7370300000000003,2.8836453333333334,4.676735999999999,169.074664,130.46493226666664,211.58983680000003,100% vaccination
pregnant,vaccine100,2024-06-15,20.485718999999996,18.956933999999997,22.014504,4.484436,3.4603744000000005,5.612083199999999,173.5591,133.92530666666664,217.20192000000003,100% vaccination
pregnant,vaccine100,2024-06-22,17.0714325,15.797445000000002,18.34542,3.7370300000000003,2.8836453333333334,4.676735999999999,177.29613,136.80895199999998,221.87865600000003,100% vaccination
pregnant,vaccine100,2024-06-29,27.314292000000002,25.275912000000005,29.352672000000005,5.979248000000001,4.613832533333333,7.482777599999999,183.27537800000002,141.4227845333333,229.36143360000003,100% vaccination
pregnant,vaccine100,2024-07-06,35.26143,32.62998,37.892880000000005,7.718920000000002,5.956234666666669,9.659904,190.99429800000001,147.37901919999996,239.02133760000004,100% vaccination
pregnant,vaccine100,2024-07-13,35.26143,32.62998,37.892880000000005,7.718920000000002,5.956234666666669,9.659904,198.713218,153.33525386666662,248.68124160000005,100% vaccination
pregnant,vaccine100,2024-07-20,38.787573,35.89297800000001,41.682168000000004,8.490812,6.551858133333335,10.6258944,207.20403000000002,159.88711199999995,259.30713600000007,100% vaccination
pregnant,vaccine100,2024-07-27,49.36600199999999,45.68197199999999,53.05003199999999,10.806487999999998,8.338728533333335,13.523865599999999,218.01051800000002,168.22584053333327,272.8310016000001,100% vaccination
pregnant,vaccine100,2024-08-03,52.89214499999999,48.94497,56.83932,11.57838,8.934352000000002,14.489856,229.58889800000003,177.16019253333326,287.32085760000007,100% vaccination
pregnant,vaccine100,2024-08-10,59.94443099999999,55.47096599999999,64.41789599999998,13.122163999999998,10.125598933333332,16.421836799999998,242.71106200000003,187.28579146666658,303.74269440000006,100% vaccination
pregnant,vaccine100,2024-08-17,49.36600199999999,45.68197199999999,53.05003199999999,10.806487999999998,8.338728533333335,13.523865599999999,253.51755000000003,195.6245199999999,317.2665600000001,100% vaccination
pregnant,vaccine100,2024-08-24,52.89214499999999,48.94497,56.83932,11.57838,8.934352000000002,14.489856,265.09593,204.5588719999999,331.75641600000006,100% vaccination
pregnant,vaccine100,2024-08-31,45.839859000000004,42.418974000000006,49.260744,10.034596,7.743105066666667,12.557875199999998,275.13052600000003,212.30197706666655,344.31429120000007,100% vaccination
pregnant,vaccine100,2024-09-07,42.313715999999985,39.155975999999995,45.47145599999999,9.262703999999998,7.1474816000000025,11.591884799999997,284.39323,219.44945866666654,355.9061760000001,100% vaccination
pregnant,vaccine100,2024-09-14,42.313715999999985,39.155975999999995,45.47145599999999,9.262703999999998,7.1474816000000025,11.591884799999997,293.655934,226.59694026666654,367.4980608000001,100% vaccination
pregnant,vaccine100,2024-09-21,35.26143,32.62998,37.892880000000005,7.718920000000002,5.956234666666669,9.659904,301.374854,232.5531749333332,377.15796480000006,100% vaccination
pregnant,vaccine100,2024-09-28,28.209144000000002,26.103984000000004,30.314304000000003,6.175136000000001,4.764987733333334,7.727923200000001,307.54999000000004,237.31816266666652,384.8858880000001,100% vaccination
pregnant,vaccine100,2024-10-05,25.801565999999998,23.876075999999998,27.727055999999997,5.648104,4.358308266666666,7.0683647999999994,313.198094,241.67647093333318,391.95425280000006,100% vaccination
pregnant,vaccine100,2024-10-12,25.801565999999998,23.876075999999998,27.727055999999997,5.648104,4.358308266666666,7.0683647999999994,318.846198,246.03477919999983,399.02261760000005,100% vaccination
pregnant,vaccine100,2024-10-19,14.743751999999997,13.643472,15.844031999999999,3.2274879999999997,2.490461866666667,4.039065599999999,322.073686,248.5252410666665,403.06168320000006,100% vaccination
pregnant,vaccine100,2024-10-26,22.115627999999994,20.465207999999997,23.766047999999994,4.841231999999999,3.7356928,6.0585983999999975,326.914918,252.2609338666665,409.12028160000006,100% vaccination
pregnant,vaccine100,2024-11-02,18.429689999999997,17.05434,19.805039999999998,4.0343599999999995,3.113077333333333,5.048832,330.949278,255.37401119999984,414.16911360000006,100% vaccination
pregnant,vaccine100,2024-11-09,18.429689999999997,17.05434,19.805039999999998,4.0343599999999995,3.113077333333333,5.048832,334.983638,258.4870885333332,419.21794560000006,100% vaccination
pregnant,vaccine100,2024-11-16,14.743751999999997,13.643472,15.844031999999999,3.2274879999999997,2.490461866666667,4.039065599999999,338.211126,260.97755039999987,423.2570112000001,100% vaccination
pregnant,vaccine100,2024-11-23,18.429689999999997,17.05434,19.805039999999998,4.0343599999999995,3.113077333333333,5.048832,342.24548599999997,264.0906277333332,428.3058432000001,100% vaccination
pregnant,vaccine100,2024-11-30,14.743751999999997,13.643472,15.844031999999999,3.2274879999999997,2.490461866666667,4.039065599999999,345.47297399999997,266.58108959999987,432.3449088000001,100% vaccination
pregnant,vaccine100,2024-12-07,22.115627999999994,20.465207999999997,23.766047999999994,4.841231999999999,3.7356928,6.0585983999999975,350.31420599999996,270.31678239999985,438.4035072000001,100% vaccination
pregnant,vaccine100,2024-12-14,22.115627999999994,20.465207999999997,23.766047999999994,4.841231999999999,3.7356928,6.0585983999999975,355.15543799999995,274.05247519999983,444.4621056000001,100% vaccination
pregnant,vaccine100,2024-12-21,25.801565999999998,23.876075999999998,27.727055999999997,5.648104,4.358308266666666,7.0683647999999994,360.80354199999994,278.4107834666665,451.53047040000007,100% vaccination
pregnant,vaccine100,2024-12-28,33.173441999999994,30.697812,35.649072,7.2618480000000005,5.603539200000001,9.0878976,368.0653899999999,284.0143226666665,460.6183680000001,100% vaccination
pregnant,vaccine100,2025-01-04,35.90060999999999,33.22146,38.57976,7.858840000000001,6.0642026666666675,9.835007999999998,375.9242299999999,290.0785253333332,470.4533760000001,100% vaccination
pregnant,vaccine100,2025-01-11,28.720487999999996,26.577168,30.863808,6.287072,4.8513621333333345,7.8680064,382.21130199999993,294.9298874666665,478.3213824000001,100% vaccination
pregnant,vaccine100,2025-01-18,32.310549,29.899314000000004,34.721784,7.0729560000000005,5.4577824,8.851507200000002,389.2842579999999,300.3876698666665,487.17288960000013,100% vaccination
pregnant,vaccine100,2025-01-25,28.720487999999996,26.577168,30.863808,6.287072,4.8513621333333345,7.8680064,395.57132999999993,305.23903199999984,495.04089600000015,100% vaccination
pregnant,vaccine100,2025-02-01,35.90060999999999,33.22146,38.57976,7.858840000000001,6.0642026666666675,9.835007999999998,403.4301699999999,311.3032346666665,504.87590400000016,100% vaccination
pregnant,vaccine100,2025-02-08,32.310549,29.899314000000004,34.721784,7.0729560000000005,5.4577824,8.851507200000002,410.5031259999999,316.7610170666665,513.7274112000001,100% vaccination
pregnant,vaccine100,2025-02-15,25.130426999999997,23.255022,27.005831999999998,5.501188,4.244941866666666,6.8845056,416.0043139999999,321.0059589333332,520.6119168000001,100% vaccination
pregnant,vaccine100,2025-02-22,28.720487999999996,26.577168,30.863808,6.287072,4.8513621333333345,7.8680064,422.29138599999993,325.85732106666654,528.4799232000001,100% vaccination
pregnant,vaccine100,2025-03-01,21.540366,19.932876,23.147855999999997,4.715304,3.6385216000000002,5.901004800000001,427.00668999999994,329.49584266666653,534.3809280000002,100% vaccination
pregnant,vaccine100,2025-03-08,21.540366,19.932876,23.147855999999997,4.715304,3.6385216000000002,5.901004800000001,431.72199399999994,333.1343642666665,540.2819328000002,100% vaccination
pregnant,vaccine100,2025-03-15,17.950304999999997,16.61073,19.28988,3.9294200000000004,3.0321013333333338,4.917503999999999,435.65141399999993,336.16646559999987,545.1994368000002,100% vaccination
pregnant,vaccine100,2025-03-22,17.950304999999997,16.61073,19.28988,3.9294200000000004,3.0321013333333338,4.917503999999999,439.5808339999999,339.1985669333332,550.1169408000002,100% vaccination
pregnant,vaccine100,2025-03-29,21.540366,19.932876,23.147855999999997,4.715304,3.6385216000000002,5.901004800000001,444.2961379999999,342.8370885333332,556.0179456000002,100% vaccination
pregnant,vaccine100,2025-04-05,13.657146000000001,12.637956000000003,14.676336000000003,2.9896240000000005,2.3069162666666667,3.7413887999999993,447.2857619999999,345.1440047999999,559.7593344000002,100% vaccination
pregnant,vaccine100,2025-04-12,13.657146000000001,12.637956000000003,14.676336000000003,2.9896240000000005,2.3069162666666667,3.7413887999999993,450.2753859999999,347.4509210666666,563.5007232000002,100% vaccination
pregnant,vaccine100,2025-04-19,13.657146000000001,12.637956000000003,14.676336000000003,2.9896240000000005,2.3069162666666667,3.7413887999999993,453.2650099999999,349.75783733333327,567.2421120000001,100% vaccination
pregnant,vaccine100,2025-04-26,10.242859499999998,9.478466999999998,11.007252,2.242218,1.7301872000000003,2.8060415999999995,455.5072279999999,351.48802453333326,570.0481536000001,100% vaccination
pregnant,vaccine15,2024-01-06,117.14047545,116.2161687,118.0647822,2.7112997999999995,2.09214992,3.39307776,2.7112997999999995,2.09214992,3.39307776,15% vaccination
pregnant,vaccine15,2024-01-13,122.2335396,121.2690456,123.19803359999999,2.8291824,2.18311296,3.5406028800000002,5.5404822,4.27526288,6.93368064,15% vaccination
pregnant,vaccine15,2024-01-20,101.861283,101.05753800000001,102.66502799999999,2.357652,1.8192608000000001,2.9505024,7.898134199999999,6.09452368,9.88418304,15% vaccination
pregnant,vaccine15,2024-01-27,86.58209055000002,85.89890730000002,87.2652738,2.0040042000000002,1.5463716800000002,2.50792704,9.9021384,7.64089536,12.39211008,15% vaccination
pregnant,vaccine15,2024-02-03,86.58209055000002,85.89890730000002,87.2652738,2.0040042000000002,1.5463716800000002,2.50792704,11.9061426,9.18726704,14.90003712,15% vaccination
pregnant,vaccine15,2024-02-10,76.39596225000001,75.79315350000002,76.998771,1.7682390000000001,1.3644456000000003,2.2128767999999996,13.6743816,10.55171264,17.11291392,15% vaccination
pregnant,vaccine15,2024-02-17,61.1167698,60.6345228,61.599016799999994,1.4145912,1.09155648,1.7703014400000001,15.0889728,11.64326912,18.88321536,15% vaccination
pregnant,vaccine15,2024-02-24,71.3028981,70.7402766,71.8655196,1.6503563999999997,1.27348256,2.06535168,16.7393292,12.916751679999999,20.94856704,15% vaccination
pregnant,vaccine15,2024-03-02,61.1167698,60.6345228,61.599016799999994,1.4145912,1.09155648,1.7703014400000001,18.1539204,14.008308159999999,22.71886848,15% vaccination
pregnant,vaccine15,2024-03-09,35.65144905,35.3701383,35.9327598,0.8251781999999999,0.63674128,1.03267584,18.9790986,14.64504944,23.75154432,15% vaccination
pregnant,vaccine15,2024-03-16,35.65144905,35.3701383,35.9327598,0.8251781999999999,0.63674128,1.03267584,19.8042768,15.28179072,24.78422016,15% vaccination
pregnant,vaccine15,2024-03-23,30.5583849,30.3172614,30.799508399999997,0.7072956,0.54577824,0.8851507200000001,20.5115724,15.82756896,25.66937088,15% vaccination
pregnant,vaccine15,2024-03-30,25.46532075,25.264384500000002,25.666256999999998,0.589413,0.45481520000000003,0.7376256,21.1009854,16.28238416,26.40699648,15% vaccination
pregnant,vaccine15,2024-04-06,19.374801900000005,19.221923400000005,19.527680400000005,0.4484436000000001,0.34603744,0.5612083199999998,21.549429,16.6284216,26.9682048,15% vaccination
pregnant,vaccine15,2024-04-13,19.374801900000005,19.221923400000005,19.527680400000005,0.4484436000000001,0.34603744,0.5612083199999998,21.9978726,16.97445904,27.529413119999997,15% vaccination
pregnant,vaccine15,2024-04-20,14.531101425,14.41644255,14.6457603,0.33633269999999993,0.25952808000000005,0.42090623999999993,22.3342053,17.23398712,27.950319359999998,15% vaccination
pregnant,vaccine15,2024-04-27,19.374801900000005,19.221923400000005,19.527680400000005,0.4484436000000001,0.34603744,0.5612083199999998,22.7826489,17.58002456,28.511527679999997,15% vaccination
pregnant,vaccine15,2024-05-04,14.531101425,14.41644255,14.6457603,0.33633269999999993,0.25952808000000005,0.42090623999999993,23.1189816,17.839552639999997,28.932433919999998,15% vaccination
pregnant,vaccine15,2024-05-11,14.531101425,14.41644255,14.6457603,0.33633269999999993,0.25952808000000005,0.42090623999999993,23.4553143,18.099080719999996,29.35334016,15% vaccination
pregnant,vaccine15,2024-05-18,14.531101425,14.41644255,14.6457603,0.33633269999999993,0.25952808000000005,0.42090623999999993,23.791647,18.358608799999995,29.7742464,15% vaccination
pregnant,vaccine15,2024-05-25,19.374801900000005,19.221923400000005,19.527680400000005,0.4484436000000001,0.34603744,0.5612083199999998,24.240090600000002,18.704646239999995,30.335454719999998,15% vaccination
pregnant,vaccine15,2024-06-01,24.218502375000003,24.027404250000004,24.409600500000003,0.5605545000000001,0.43254679999999995,0.7015103999999999,24.8006451,19.137193039999996,31.036965119999998,15% vaccination
pregnant,vaccine15,2024-06-08,24.218502375000003,24.027404250000004,24.409600500000003,0.5605545000000001,0.43254679999999995,0.7015103999999999,25.3611996,19.569739839999997,31.738475519999998,15% vaccination
pregnant,vaccine15,2024-06-15,29.06220285,28.8328851,29.2915206,0.6726653999999999,0.5190561600000001,0.8418124799999999,26.033865,20.088796,32.580287999999996,15% vaccination
pregnant,vaccine15,2024-06-22,24.218502375000003,24.027404250000004,24.409600500000003,0.5605545000000001,0.43254679999999995,0.7015103999999999,26.594419499999997,20.5213428,33.28179839999999,15% vaccination
pregnant,vaccine15,2024-06-29,38.74960380000001,38.44384680000001,39.05536080000001,0.8968872000000002,0.69207488,1.1224166399999995,27.4913067,21.21341768,34.40421503999999,15% vaccination
pregnant,vaccine15,2024-07-06,50.0238645,49.62914700000001,50.418582,1.1578380000000001,0.8934352000000003,1.4489855999999997,28.6491447,22.106852879999998,35.85320063999999,15% vaccination
pregnant,vaccine15,2024-07-13,50.0238645,49.62914700000001,50.418582,1.1578380000000001,0.8934352000000003,1.4489855999999997,29.806982700000002,23.000288079999997,37.30218623999999,15% vaccination
pregnant,vaccine15,2024-07-20,55.026250950000005,54.59206170000001,55.46044020000001,1.2736218,0.9827787200000002,1.59388416,31.080604500000003,23.983066799999996,38.89607039999999,15% vaccination
pregnant,vaccine15,2024-07-27,70.03341029999999,69.48080579999998,70.58601479999999,1.6209731999999997,1.2508092800000001,2.02857984,32.7015777,25.233876079999995,40.92465023999999,15% vaccination
pregnant,vaccine15,2024-08-03,75.03579675,74.44372050000001,75.627873,1.7367569999999999,1.3401528000000003,2.1734784000000005,34.4383347,26.574028879999993,43.09812863999999,15% vaccination
pregnant,vaccine15,2024-08-10,85.04056965,84.3695499,85.71158939999998,1.9683245999999996,1.5188398399999998,2.46327552,36.4066593,28.09286871999999,45.561404159999995,15% vaccination
pregnant,vaccine15,2024-08-17,70.03341029999999,69.48080579999998,70.58601479999999,1.6209731999999997,1.2508092800000001,2.02857984,38.0276325,29.34367799999999,47.589983999999994,15% vaccination
pregnant,vaccine15,2024-08-24,75.03579675,74.44372050000001,75.627873,1.7367569999999999,1.3401528000000003,2.1734784000000005,39.7643895,30.68383079999999,49.763462399999995,15% vaccination
pregnant,vaccine15,2024-08-31,65.03102385000001,64.51789110000001,65.54415660000001,1.5051894000000001,1.16146576,1.8836812799999998,41.2695789,31.845296559999987,51.64714367999999,15% vaccination
pregnant,vaccine15,2024-09-07,60.02863739999999,59.554976399999994,60.50229839999999,1.3894055999999997,1.0721222400000003,1.7387827199999997,42.658984499999995,32.917418799999986,53.38592639999999,15% vaccination
pregnant,vaccine15,2024-09-14,60.02863739999999,59.554976399999994,60.50229839999999,1.3894055999999997,1.0721222400000003,1.7387827199999997,44.04839009999999,33.989541039999985,55.12470911999999,15% vaccination
pregnant,vaccine15,2024-09-21,50.0238645,49.62914700000001,50.418582,1.1578380000000001,0.8934352000000003,1.4489855999999997,45.20622809999999,34.882976239999984,56.57369471999999,15% vaccination
pregnant,vaccine15,2024-09-28,40.01909160000001,39.70331760000001,40.33486560000001,0.9262704,0.7147481600000001,1.15918848,46.13249849999999,35.59772439999998,57.73288319999999,15% vaccination
pregnant,vaccine15,2024-10-05,36.6035649,36.3147414,36.892388399999994,0.8472156,0.6537462399999999,1.06025472,46.97971409999999,36.25147063999998,58.79313791999999,15% vaccination
pregnant,vaccine15,2024-10-12,36.6035649,36.3147414,36.892388399999994,0.8472156,0.6537462399999999,1.06025472,47.82692969999999,36.905216879999976,59.853392639999996,15% vaccination
pregnant,vaccine15,2024-10-19,20.9163228,20.7512808,21.081364799999996,0.4841232,0.37356928,0.6058598399999998,48.311052899999986,37.278786159999974,60.459252479999996,15% vaccination
pregnant,vaccine15,2024-10-26,31.374484199999994,31.126921199999998,31.622047199999994,0.7261847999999997,0.56035392,0.9087897599999996,49.037237699999984,37.83914007999997,61.368042239999994,15% vaccination
pregnant,vaccine15,2024-11-02,26.145403499999997,25.939101,26.351705999999997,0.6051539999999999,0.4669616,0.7573248,49.64239169999998,38.30610167999997,62.12536703999999,15% vaccination
pregnant,vaccine15,2024-11-09,26.145403499999997,25.939101,26.351705999999997,0.6051539999999999,0.4669616,0.7573248,50.24754569999998,38.77306327999997,62.88269183999999,15% vaccination
pregnant,vaccine15,2024-11-16,20.9163228,20.7512808,21.081364799999996,0.4841232,0.37356928,0.6058598399999998,50.73166889999998,39.146632559999965,63.48855167999999,15% vaccination
pregnant,vaccine15,2024-11-23,26.145403499999997,25.939101,26.351705999999997,0.6051539999999999,0.4669616,0.7573248,51.33682289999998,39.61359415999996,64.24587647999999,15% vaccination
pregnant,vaccine15,2024-11-30,20.9163228,20.7512808,21.081364799999996,0.4841232,0.37356928,0.6058598399999998,51.82094609999998,39.98716343999996,64.85173631999999,15% vaccination
pregnant,vaccine15,2024-12-07,31.374484199999994,31.126921199999998,31.622047199999994,0.7261847999999997,0.56035392,0.9087897599999996,52.54713089999998,40.54751735999996,65.76052607999999,15% vaccination
pregnant,vaccine15,2024-12-14,31.374484199999994,31.126921199999998,31.622047199999994,0.7261847999999997,0.56035392,0.9087897599999996,53.273315699999976,41.107871279999955,66.66931584,15% vaccination
pregnant,vaccine15,2024-12-21,36.6035649,36.3147414,36.892388399999994,0.8472156,0.6537462399999999,1.06025472,54.120531299999975,41.76161751999995,67.72957056,15% vaccination
pregnant,vaccine15,2024-12-28,47.0617263,46.690381800000004,47.433070799999996,1.0892772,0.8405308800000001,1.3631846399999998,55.20980849999997,42.602148399999955,69.0927552,15% vaccination
pregnant,vaccine15,2025-01-04,50.9306415,50.528769000000004,51.332513999999996,1.178826,0.9096304000000001,1.4752512,56.388634499999974,43.51177879999995,70.5680064,15% vaccination
pregnant,vaccine15,2025-01-11,40.7445132,40.4230152,41.0660112,0.9430607999999999,0.7277043200000002,1.1802009599999999,57.33169529999997,44.23948311999995,71.74820736,15% vaccination
pregnant,vaccine15,2025-01-18,45.837577350000004,45.47589210000001,46.199262600000004,1.0609434,0.8186673600000001,1.32772608,58.39263869999997,45.05815047999995,73.07593344,15% vaccination
pregnant,vaccine15,2025-01-25,40.7445132,40.4230152,41.0660112,0.9430607999999999,0.7277043200000002,1.1802009599999999,59.33569949999997,45.78585479999995,74.2561344,15% vaccination
pregnant,vaccine15,2025-02-01,50.9306415,50.528769000000004,51.332513999999996,1.178826,0.9096304000000001,1.4752512,60.51452549999997,46.69548519999995,75.7313856,15% vaccination
pregnant,vaccine15,2025-02-08,45.837577350000004,45.47589210000001,46.199262600000004,1.0609434,0.8186673600000001,1.32772608,61.57546889999997,47.51415255999995,77.05911168,15% vaccination
pregnant,vaccine15,2025-02-15,35.65144905,35.3701383,35.9327598,0.8251781999999999,0.63674128,1.03267584,62.40064709999997,48.15089383999995,78.09178752,15% vaccination
pregnant,vaccine15,2025-02-22,40.7445132,40.4230152,41.0660112,0.9430607999999999,0.7277043200000002,1.1802009599999999,63.34370789999997,48.87859815999995,79.27198847999999,15% vaccination
pregnant,vaccine15,2025-03-01,30.5583849,30.3172614,30.799508399999997,0.7072956,0.54577824,0.8851507200000001,64.05100349999996,49.42437639999995,80.15713919999999,15% vaccination
pregnant,vaccine15,2025-03-08,30.5583849,30.3172614,30.799508399999997,0.7072956,0.54577824,0.8851507200000001,64.75829909999996,49.97015463999995,81.04228991999999,15% vaccination
pregnant,vaccine15,2025-03-15,25.46532075,25.264384500000002,25.666256999999998,0.589413,0.45481520000000003,0.7376256,65.34771209999995,50.424969839999946,81.77991551999999,15% vaccination
pregnant,vaccine15,2025-03-22,25.46532075,25.264384500000002,25.666256999999998,0.589413,0.45481520000000003,0.7376256,65.93712509999995,50.879785039999945,82.51754111999999,15% vaccination
pregnant,vaccine15,2025-03-29,30.5583849,30.3172614,30.799508399999997,0.7072956,0.54577824,0.8851507200000001,66.64442069999994,51.42556327999994,83.40269183999999,15% vaccination
pregnant,vaccine15,2025-04-05,19.374801900000005,19.221923400000005,19.527680400000005,0.4484436000000001,0.34603744,0.5612083199999998,67.09286429999995,51.771600719999945,83.96390016,15% vaccination
pregnant,vaccine15,2025-04-12,19.374801900000005,19.221923400000005,19.527680400000005,0.4484436000000001,0.34603744,0.5612083199999998,67.54130789999995,52.11763815999995,84.52510848,15% vaccination
pregnant,vaccine15,2025-04-19,19.374801900000005,19.221923400000005,19.527680400000005,0.4484436000000001,0.34603744,0.5612083199999998,67.98975149999995,52.46367559999995,85.0863168,15% vaccination
pregnant,vaccine15,2025-04-26,14.531101425,14.41644255,14.6457603,0.33633269999999993,0.25952808000000005,0.42090623999999993,68.32608419999995,52.723203679999955,85.50722304,15% vaccination
pregnant,vaccine50,2024-01-06,102.90615149999999,99.825129,105.987174,9.037666,6.973833066666668,11.3102592,9.037666,6.973833066666668,11.3102592,50% vaccination
pregnant,vaccine50,2024-01-13,107.380332,104.165352,110.59531199999999,9.430608,7.2770432000000005,11.802009600000002,18.468274,14.250876266666669,23.112268800000002,50% vaccination
pregnant,vaccine50,2024-01-20,89.48361,86.80446,92.16275999999999,7.858840000000001,6.0642026666666675,9.835007999999998,26.327114,20.315078933333336,32.9472768,50% vaccination
pregnant,vaccine50,2024-01-27,76.0610685,73.78379100000001,78.33834600000002,6.680014000000001,5.154572266666668,8.359756800000001,33.007128,25.469651200000005,41.3070336,50% vaccination
pregnant,vaccine50,2024-02-03,76.0610685,73.78379100000001,78.33834600000002,6.680014000000001,5.154572266666668,8.359756800000001,39.687142,30.624223466666674,49.666790399999996,50% vaccination
pregnant,vaccine50,2024-02-10,67.11270750000001,65.10334500000002,69.12207000000001,5.8941300000000005,4.548152000000001,7.376255999999999,45.581272,35.17237546666667,57.043046399999994,50% vaccination
pregnant,vaccine50,2024-02-17,53.690166,52.082676,55.297655999999996,4.715304,3.6385216000000002,5.901004800000001,50.296576,38.81089706666667,62.9440512,50% vaccination
pregnant,vaccine50,2024-02-24,62.638526999999996,60.763122,64.513932,5.501188,4.244941866666666,6.8845056,55.797764,43.055838933333334,69.8285568,50% vaccination
pregnant,vaccine50,2024-03-02,53.690166,52.082676,55.297655999999996,4.715304,3.6385216000000002,5.901004800000001,60.513068000000004,46.69436053333333,75.7295616,50% vaccination
pregnant,vaccine50,2024-03-09,31.319263499999998,30.381561,32.256966,2.750594,2.122470933333333,3.4422528,63.263662000000004,48.81683146666666,79.1718144,50% vaccination
pregnant,vaccine50,2024-03-16,31.319263499999998,30.381561,32.256966,2.750594,2.122470933333333,3.4422528,66.014256,50.939302399999995,82.61406720000001,50% vaccination
pregnant,vaccine50,2024-03-23,26.845083,26.041338,27.648827999999998,2.357652,1.8192608000000001,2.9505024000000004,68.371908,52.7585632,85.56456960000001,50% vaccination
pregnant,vaccine50,2024-03-30,22.3709025,21.701115,23.040689999999998,1.9647100000000002,1.5160506666666669,2.4587519999999996,70.336618,54.27461386666666,88.02332160000002,50% vaccination
pregnant,vaccine50,2024-04-06,17.020473000000003,16.510878000000005,17.530068000000004,1.4948120000000003,1.1534581333333334,1.8706943999999996,71.83143,55.42807199999999,89.89401600000002,50% vaccination
pregnant,vaccine50,2024-04-13,17.020473000000003,16.510878000000005,17.530068000000004,1.4948120000000003,1.1534581333333334,1.8706943999999996,73.326242,56.581530133333324,91.76471040000003,50% vaccination
pregnant,vaccine50,2024-04-20,12.765354749999998,12.3831585,13.147550999999998,1.121109,0.8650936000000001,1.4030207999999997,74.447351,57.446623733333325,93.16773120000002,50% vaccination
pregnant,vaccine50,2024-04-27,17.020473000000003,16.510878000000005,17.530068000000004,1.4948120000000003,1.1534581333333334,1.8706943999999996,75.942163,58.600081866666656,95.03842560000002,50% vaccination
pregnant,vaccine50,2024-05-04,12.765354749999998,12.3831585,13.147550999999998,1.121109,0.8650936000000001,1.4030207999999997,77.063272,59.46517546666666,96.44144640000002,50% vaccination
pregnant,vaccine50,2024-05-11,12.765354749999998,12.3831585,13.147550999999998,1.121109,0.8650936000000001,1.4030207999999997,78.184381,60.33026906666666,97.84446720000001,50% vaccination
pregnant,vaccine50,2024-05-18,12.765354749999998,12.3831585,13.147550999999998,1.121109,0.8650936000000001,1.4030207999999997,79.30549,61.19536266666666,99.247488,50% vaccination
pregnant,vaccine50,2024-05-25,17.020473000000003,16.510878000000005,17.530068000000004,1.4948120000000003,1.1534581333333334,1.8706943999999996,80.800302,62.34882079999999,101.11818240000001,50% vaccination
pregnant,vaccine50,2024-06-01,21.27559125,20.638597500000003,21.912585000000004,1.8685150000000001,1.4418226666666667,2.3383679999999996,82.668817,63.79064346666666,103.45655040000001,50% vaccination
pregnant,vaccine50,2024-06-08,21.27559125,20.638597500000003,21.912585000000004,1.8685150000000001,1.4418226666666667,2.3383679999999996,84.537332,65.23246613333332,105.79491840000001,50% vaccination
pregnant,vaccine50,2024-06-15,25.530709499999997,24.766317,26.295101999999996,2.242218,1.7301872000000003,2.8060415999999995,86.77955,66.96265333333332,108.60096000000001,50% vaccination
pregnant,vaccine50,2024-06-22,21.27559125,20.638597500000003,21.912585000000004,1.8685150000000001,1.4418226666666667,2.3383679999999996,88.648065,68.40447599999999,110.93932800000002,50% vaccination
pregnant,vaccine50,2024-06-29,34.040946000000005,33.02175600000001,35.06013600000001,2.9896240000000005,2.3069162666666667,3.7413887999999993,91.63768900000001,70.71139226666665,114.68071680000001,50% vaccination
pregnant,vaccine50,2024-07-06,43.945215000000005,42.629490000000004,45.260940000000005,3.859460000000001,2.9781173333333344,4.829952,95.49714900000001,73.68950959999998,119.51066880000002,50% vaccination
pregnant,vaccine50,2024-07-13,43.945215000000005,42.629490000000004,45.260940000000005,3.859460000000001,2.9781173333333344,4.829952,99.356609,76.66762693333331,124.34062080000002,50% vaccination
pregnant,vaccine50,2024-07-20,48.3397365,46.89243900000001,49.787034000000006,4.245406,3.2759290666666674,5.3129472,103.60201500000001,79.94355599999997,129.65356800000004,50% vaccination
pregnant,vaccine50,2024-07-27,61.52330099999998,59.68128599999999,63.365315999999986,5.403243999999999,4.169364266666667,6.761932799999999,109.00525900000001,84.11292026666663,136.41550080000005,50% vaccination
pregnant,vaccine50,2024-08-03,65.9178225,63.944235000000006,67.89141,5.78919,4.467176000000001,7.244928,114.79444900000001,88.58009626666663,143.66042880000003,50% vaccination
pregnant,vaccine50,2024-08-10,74.70686549999999,72.47013299999999,76.943598,6.561081999999999,5.062799466666666,8.210918399999999,121.35553100000001,93.64289573333329,151.87134720000003,50% vaccination
pregnant,vaccine50,2024-08-17,61.52330099999998,59.68128599999999,63.365315999999986,5.403243999999999,4.169364266666667,6.761932799999999,126.75877500000001,97.81225999999995,158.63328000000004,50% vaccination
pregnant,vaccine50,2024-08-24,65.9178225,63.944235000000006,67.89141,5.78919,4.467176000000001,7.244928,132.547965,102.27943599999995,165.87820800000003,50% vaccination
pregnant,vaccine50,2024-08-31,57.12877950000001,55.418337000000015,58.83922200000001,5.017298,3.8715525333333334,6.278937599999999,137.56526300000002,106.15098853333328,172.15714560000004,50% vaccination
pregnant,vaccine50,2024-09-07,52.73425799999999,51.155387999999995,54.31312799999999,4.631351999999999,3.5737408000000013,5.795942399999999,142.196615,109.72472933333327,177.95308800000004,50% vaccination
pregnant,vaccine50,2024-09-14,52.73425799999999,51.155387999999995,54.31312799999999,4.631351999999999,3.5737408000000013,5.795942399999999,146.827967,113.29847013333327,183.74903040000004,50% vaccination
pregnant,vaccine50,2024-09-21,43.945215000000005,42.629490000000004,45.260940000000005,3.859460000000001,2.9781173333333344,4.829952,150.687427,116.2765874666666,188.57898240000003,50% vaccination
pregnant,vaccine50,2024-09-28,35.156172000000005,34.103592000000006,36.208752000000004,3.0875680000000005,2.382493866666667,3.8639616000000006,153.77499500000002,118.65908133333326,192.44294400000004,50% vaccination
pregnant,vaccine50,2024-10-05,32.155682999999996,31.192938,33.118428,2.824052,2.179154133333333,3.5341823999999997,156.599047,120.83823546666659,195.97712640000003,50% vaccination
pregnant,vaccine50,2024-10-12,32.155682999999996,31.192938,33.118428,2.824052,2.179154133333333,3.5341823999999997,159.423099,123.01738959999992,199.51130880000002,50% vaccination
pregnant,vaccine50,2024-10-19,18.374675999999997,17.824536,18.924815999999996,1.6137439999999998,1.2452309333333336,2.0195327999999995,161.036843,124.26262053333325,201.53084160000003,50% vaccination
pregnant,vaccine50,2024-10-26,27.562013999999994,26.736803999999996,28.387223999999996,2.4206159999999994,1.8678464,3.0292991999999987,163.457459,126.13046693333325,204.56014080000003,50% vaccination
pregnant,vaccine50,2024-11-02,22.968344999999996,22.28067,23.656019999999998,2.0171799999999998,1.5565386666666665,2.524416,165.474639,127.68700559999992,207.08455680000003,50% vaccination
pregnant,vaccine50,2024-11-09,22.968344999999996,22.28067,23.656019999999998,2.0171799999999998,1.5565386666666665,2.524416,167.491819,129.2435442666666,209.60897280000003,50% vaccination
pregnant,vaccine50,2024-11-16,18.374675999999997,17.824536,18.924815999999996,1.6137439999999998,1.2452309333333336,2.0195327999999995,169.105563,130.48877519999994,211.62850560000004,50% vaccination
pregnant,vaccine50,2024-11-23,22.968344999999996,22.28067,23.656019999999998,2.0171799999999998,1.5565386666666665,2.524416,171.12274299999999,132.0453138666666,214.15292160000004,50% vaccination
pregnant,vaccine50,2024-11-30,18.374675999999997,17.824536,18.924815999999996,1.6137439999999998,1.2452309333333336,2.0195327999999995,172.73648699999998,133.29054479999994,216.17245440000005,50% vaccination
pregnant,vaccine50,2024-12-07,27.562013999999994,26.736803999999996,28.387223999999996,2.4206159999999994,1.8678464,3.0292991999999987,175.15710299999998,135.15839119999993,219.20175360000005,50% vaccination
pregnant,vaccine50,2024-12-14,27.562013999999994,26.736803999999996,28.387223999999996,2.4206159999999994,1.8678464,3.0292991999999987,177.57771899999997,137.02623759999992,222.23105280000004,50% vaccination
pregnant,vaccine50,2024-12-21,32.155682999999996,31.192938,33.118428,2.824052,2.179154133333333,3.5341823999999997,180.40177099999997,139.20539173333324,225.76523520000003,50% vaccination
pregnant,vaccine50,2024-12-28,41.343021,40.105206,42.580836,3.6309240000000003,2.8017696000000005,4.5439488,184.03269499999996,142.00716133333324,230.30918400000004,50% vaccination
pregnant,vaccine50,2025-01-04,44.741805,43.40223,46.081379999999996,3.9294200000000004,3.0321013333333338,4.917503999999999,187.96211499999995,145.0392626666666,235.22668800000005,50% vaccination
pregnant,vaccine50,2025-01-11,35.793444,34.721784,36.865103999999995,3.143536,2.4256810666666673,3.9340032,191.10565099999997,147.46494373333326,239.16069120000006,50% vaccination
pregnant,vaccine50,2025-01-18,40.267624500000004,39.06200700000001,41.473242000000006,3.5364780000000002,2.7288912,4.425753600000001,194.64212899999995,150.19383493333325,243.58644480000007,50% vaccination
pregnant,vaccine50,2025-01-25,35.793444,34.721784,36.865103999999995,3.143536,2.4256810666666673,3.9340032,197.78566499999997,152.61951599999992,247.52044800000007,50% vaccination
pregnant,vaccine50,2025-02-01,44.741805,43.40223,46.081379999999996,3.9294200000000004,3.0321013333333338,4.917503999999999,201.71508499999996,155.65161733333326,252.43795200000008,50% vaccination
pregnant,vaccine50,2025-02-08,40.267624500000004,39.06200700000001,41.473242000000006,3.5364780000000002,2.7288912,4.425753600000001,205.25156299999995,158.38050853333326,256.86370560000006,50% vaccination
pregnant,vaccine50,2025-02-15,31.319263499999998,30.381561,32.256966,2.750594,2.122470933333333,3.4422528,208.00215699999995,160.5029794666666,260.30595840000007,50% vaccination
pregnant,vaccine50,2025-02-22,35.793444,34.721784,36.865103999999995,3.143536,2.4256810666666673,3.9340032,211.14569299999997,162.92866053333327,264.2399616000001,50% vaccination
pregnant,vaccine50,2025-03-01,26.845083,26.041338,27.648827999999998,2.357652,1.8192608000000001,2.9505024000000004,213.50334499999997,164.74792133333327,267.1904640000001,50% vaccination
pregnant,vaccine50,2025-03-08,26.845083,26.041338,27.648827999999998,2.357652,1.8192608000000001,2.9505024000000004,215.86099699999997,166.56718213333326,270.1409664000001,50% vaccination
pregnant,vaccine50,2025-03-15,22.3709025,21.701115,23.040689999999998,1.9647100000000002,1.5160506666666669,2.4587519999999996,217.82570699999997,168.08323279999993,272.5997184000001,50% vaccination
pregnant,vaccine50,2025-03-22,22.3709025,21.701115,23.040689999999998,1.9647100000000002,1.5160506666666669,2.4587519999999996,219.79041699999996,169.5992834666666,275.0584704000001,50% vaccination
pregnant,vaccine50,2025-03-29,26.845083,26.041338,27.648827999999998,2.357652,1.8192608000000001,2.9505024000000004,222.14806899999996,171.4185442666666,278.0089728000001,50% vaccination
pregnant,vaccine50,2025-04-05,17.020473000000003,16.510878000000005,17.530068000000004,1.4948120000000003,1.1534581333333334,1.8706943999999996,223.64288099999996,172.57200239999995,279.8796672000001,50% vaccination
pregnant,vaccine50,2025-04-12,17.020473000000003,16.510878000000005,17.530068000000004,1.4948120000000003,1.1534581333333334,1.8706943999999996,225.13769299999996,173.7254605333333,281.7503616000001,50% vaccination
pregnant,vaccine50,2025-04-19,17.020473000000003,16.510878000000005,17.530068000000004,1.4948120000000003,1.1534581333333334,1.8706943999999996,226.63250499999995,174.87891866666664,283.62105600000007,50% vaccination
pregnant,vaccine50,2025-04-26,12.765354749999998,12.3831585,13.147550999999998,1.121109,0.8650936000000001,1.4030207999999997,227.75361399999994,175.74401226666663,285.02407680000005,50% vaccination
